天干1,地支1,天干2,地支2,天干3,地支3,天干4,地支4,性别,合并,AI评分,评语
10,2,6,8,1,1,8,8,1,乾癸丑己未甲子辛未,3,73年本科，千万富翁很牛X我找到原始提供八字老师：，父母贤能，归国华侨广东人，82年时一年房租收利息一万多，丙申年二婚。乾造：癸丑?己未?甲子?辛未大运：戊午8岁?丁巳?丙辰?乙卯?甲寅甲子日元生己未月，偏财当令。天干甲己自己合财。地支子未穿，财来坏坏。喜丑未冲，冲出官星透在时上生癸印，财生官，官生印，生克有情，命局由浊转清，双未穿子，子丑合，印坏不能取贵。断学历：印星绝处逢生，我断八字时，结合73年时代背景，断大专。提供八字老师讲，命主在国外花钱读的大本。断职业：辛未时，官座比却库，辛是小刀，又生印，断医生。双未穿子，子印受伤，无贵，是个老板。断婚姻：月上己未，己土座比却库，丑未冲，未中乙坏，这是第一妻。时上辛未，未中己是二妻，未上透辛，是官，二婚女带小孩。再看大运，乙卯，比却助身，利财。比却又夺财，必离婚。断财富：财重身弱，印化官生身，千万起。大运乙卯，扶起日元，财上获利巨大。以财上看，三五千万有，因不是本人反馈，包含命主父母财产无法反馈，具体不知道。子平术学习需要找到志同道合的易友，一起实战研究。大龙研究三十余载，欢迎交流学习。
10,4,9,11,7,3,3,11,2,坤癸卯壬戌庚寅丙戌,1,女命失手杀夫而引官司，与一般的官非不同，比如拘留几天，是我记得的唯一女命牢狱。坤造特殊案例是不少是风月之人，三儿之类。算命不是猜命，不是概率。命理学是科学，以生辰八字的推理预测。坤：癸卯?壬戌?庚寅?丙戌（空午未）胎元：癸丑??命宫：己未大运：癸亥9?甲子?乙丑?丙寅?丁卯?戊辰庚寅日元生壬戌月，印星当令。庚在戌中有余气，象有点根，戌伏到时，也有根。座下财星，丙透到时上，杀座根通库，寅中长生，又是戌月。好在月上透食，食能制住杀，平安顺利，制不住，杀就是鬼。问丙寅运何事？铁口牢狱。命中财杀都强，好在食伤透干制杀，平安顺利，制不住杀就是鬼。丙寅运，寅是座下寅伏吟到大运，代表命主本人应事。原命食神制杀，寅运食衰地，制不了杀，反生财，财生杀，杀无制成鬼。月时双戌，本是印化杀，但原命年上卯戌合，座下财来坏印，可谓凶神伏藏，大运寅到引动，灾大无比，必有牢狱。反馈失手杀夫，座牢。女命以官为禄，以食伤为福，命局食伤与官交战失衡，小孩父亡母牢狱，人生一悲事。有兴趣的易友，可以研究那年出狱，在公众号回复，超十人反馈。子平术学习需要找到志同道合的易友，一起实战研究。大龙研究三十余载，欢迎交流学习。
2,12,5,1,6,12,3,3,2,坤乙亥戊子己亥丙寅,3,一次爱上五六七八个，爆出与十多位男星的私事，司晓迪目前网络最红的女网红。频繁与明星互动、晒聊天记录、发布视频证据，众男星惊慌失措。在感情上突破传统道德观，无论事情真相如何，必然被广大网友唾弃。坤：乙亥?戊子?己亥?丙寅（空辰巳）胎元：己卯??命宫：戊寅大运：己丑2?庚寅?辛卯?壬辰己亥日元生戊子月，财星当令，财在年月日，合生时上官。月上比劫合财，而年上杀克身，财生杀旺，炒在时上丙印透现化杀生身。支双亥合寅，寅中丙坏，财坏印，无贵。初运己丑，庚寅，制财生印，印旺有学历，本科可以读，家境在当地小康有的。辛卯运，乙木见根，杀见根攻身，虚名虚利。财重欲望大，亥卯会，财官代表男人，丙辛合，用食神解放思想，从此一发不可收，快乐开心最重要。命中印有损，言行举止，突破传统，乙巳流年，杀生印旺，印见根印代表流量，目前网上最红，印有损，这属于黑红。壬辰运，财透坏印，辰是比劫助身，收尽众水财，这步运财很丰，而名变小，重在利。明年丙午，印座强根，这次网上事件，问题不大。子平术学习需要找到志同道合的易友，一起实战研究。大龙研究三十余载，欢迎交流学习。
2,6,4,12,6,2,10,10,2,坤乙巳丁亥己丑癸酉,2,这是锦老师提供的一手案例，比较少见，群里公开断，好几位老师断得很好，这说明大龙盲派八字打擂群实战过后，老师们水平提高很多，这种盘不好断，猜也不好猜。坤：乙巳?丁亥?己丑 癸酉（空午未）胎元：戊寅??命宫：乙酉大运：戊子8?己丑?庚寅?辛卯?壬辰己丑日元生丁亥月，财星当令月透正印。时上癸酉食神生财，财来坏印。年上乙巳，杀来生印，亥冲巳财坏印，巳酉丑三会，印受损重。命局财重无制，财来坏印，层次不高。问父母关系？断父母乱人伦。反馈：女孩母亲跟婚外男，生了小孩才告诉婚外男她还没有离婚。生完孩子一个月，现在又不想养，孩子上不了户口，送人又送不出去。命中有两财，怎样定位生父才是关键。丁亥月，亥是正财座正位，亥上透丁为母，按理亥是父亲。但巳亥冲，巳是丁的根，这两人关系紧张，流年乙巳，乙可以生丁，没有离婚。巳是丁的根，也是己的根，财重喜印，亥冲巳，巳是祖业，必然不受祖业。从这个角度看，亥与己是有问题，但不够定位亥不是生父。时上癸酉，食生偏财，偏财为父，自己食生的，癸与己的关系更亲密。巳酉丑三会之意，将丁己癸联系在一起，癸必是亲父，不在正位，丁座下亥为正夫，所以母乱人伦。子平术学习需要找到志同道合的易友，一起实战研究。大龙研究三十余载，欢迎交流学习。
5,7,4,6,9,5,4,8,1,乾戊午丁巳壬辰丁未,3,命理学在层次流年上能精准，基本出师。实践中，这两项可以准确，客人会信你。今天这个案例，从财格发财亿万，财与体不能平衡，触电溺水亡。中国人传统中多做善事，积德行善，是另一种的身财平衡，可能结果不一样。乾造：戊午?丁巳?壬辰?丁未（空午未）胎元：戊申??命宫：丁巳大运：戊午3?己未?庚申?辛酉?壬戌壬辰日元生丁巳月，财星当令月上透财，支巳午未三会火局，年上透戊杀，杀在年月日时俱有根，双丁会壬，日元只能弃命从财。问庚子年酉月何事？层次？职业？答：火灾出人命，几千万，老板。反馈是钓鱼触电溺水亡，上亿，箱包老板。从财行西方运，火能制金，发财亿万。当时看戊泄火之势，断了几千万。壬戌运庚子年，比却透天助身，逆转命局大势，本来投诚归顺相安无事，现在水火交战，必然出事。水火交战，断火上出问题，实际触电，电取火象没有问题。子平术学习需要找到志同道合的易友，一起实战研究。大龙研究三十余载，欢迎交流学习。
1,1,10,10,10,2,7,9,1,乾甲子癸酉癸丑庚申,4,这是锦老师提供的一手案例，命主本人与他是朋友，有微信，户口本都发给他，我看到。群里随时能看到发亿万的盘，真假不确定。各位易友放心研究，一手八字。乾造：甲子?癸酉?癸丑?庚申（空寅卯）胎元：甲子??命宫：丙子大运：甲戌8?乙亥?丙子?丁丑癸丑日元生癸酉月，印星当令月上透比劫，时上庚申，命局印重。申酉从丑中出，日主用丑墓申酉。年上甲子，伤官独透泄秀，时上庚克甲，好在癸化庚生甲。问层次，婚姻，桃花，子女。答：十亿，二婚，桃花多，二三个子女，反馈对。丁丑运，丑墓申酉，甲在丑进气，解决了命口印克伤官的问题，有病有药，自然发大财。丁丑运，财在印库上制印。丁丑运几个流年都是制印，生扶食伤与财，发亿万。癸申酉从丑中出，与伤官配制，应该有不干净的财。命不见财，伤官当财，庚克甲，丑合子，甲子受制，二婚很明显。月上癸从丑中出，生年上的伤官，月癸代表命主自己想法，年上伤官生外面的财，桃花当然旺。子平术学习需要找到志同道合的易友，一起实战研究。大龙研究三十余载，欢迎交流学习。
3,5,4,10,8,4,8,4,2,坤丙辰丁酉辛卯辛卯,3,一易友想让我讲讲大S命局，感谢信任，以下是个人观点。徐熙媛，别名大S，华冈艺校戏剧科，2001年，出演电视剧《流星花园》，凭借剧中“杉菜”一角走红，2010结婚，2014年生女，2016生子，婚后基本息影，2025年2月2在日本去世。大S年轻时，台湾命理师算她活不过五十岁，那时她一笑置之。你可以不信命，但请对命运保持敬畏。坤：丙辰?丁酉?辛卯?辛卯（空午未）胎元：戊子??命宫：甲午大运：丙申11?乙未?甲午?癸巳辛卯日元生丁酉月，建禄旺相。丁酉禄上透杀，年上丙官合时辛，天干虽官杀混，问题不大，酉月官杀死地。夫宫卯伏吟到时，卯辰穿，财来坏印，双卯冲酉，双卯成林，酉禄被丁杀盖头，双卯冲，支酉禄坏，天干官杀其凶无比，官杀无情克身，婚不会好。丙申运比劫助身，丙官透现来克比劫。原局财来坏印，印星已坏，所以学历不高，艺校相当于中专或者大专。辛卯日柱可以取象为小刀雕刻木材，有艺术表演绘画，是一个影视演员。原局酉当令，卯酉冲禄有损坏，但是到了乙未运，未是她的印，乙木有入墓的象。未土生酉金强旺起来2001辛巳流年比劫克财，巳生未官生印，大红。原命的官星，在酉月死绝之地，乙未运官星进气，官不够旺，所以没有婚姻。甲午运官星见根，官星旺起来，2010庚寅年，比却助身结婚。甲午年生女，据说是拼了一条命，应该是凶险无比。流年七杀见根，才来生杀克身。按照运程来看，她到这一年以后身体应该非常差。旺是第一夫，应该是年上的丙火。丙火坐下是辰土，辰土生酉金，虽然官来克身，但也有相生之情，不算克她。光头是第二夫，坐下的卯木。以财为夫，原命夫宫的双卯冲酉禄，所以第二个老公会克死她。辛卯自己克财，月上禄当令，大S比较自我，固执。制得住财官，就是富贵，制不住财官，就是鬼来崔命。各位易友，请理性求财官，命无不求。有传大S吃违禁品，真假不知，座下的卯为忌，卯是什么？癸巳运食神制官，原命的癸水在辰，癸水不旺，制不住官。命中官杀混杂，大运官星见根，寿尽。甲辰流年，本来癸水克丙丁，甲木泄癸水生丙丁克身，辛被克尽，肺炎去世。命中忌财，去的日本，财星旺地，一切旨是命。子平术学习需要找到志同道合的易友，一起实战研究。大龙研究三十余载，欢迎交流学习。
6,4,7,7,6,8,2,12,2,坤己卯庚午己未乙亥,1,这是锦老师提供的一手案例，反馈一看与命盘符合。问题很多，看白了我两根头发。经过大龙盲派八字打擂群，学习提高，老师们答得都很好。都学过刑冲破合害，刑又自怎样？冲又怎样？一用不灵，具体用法，各派有传承，当然大龙盲派有自己的秘传用法。本文用破合实例，揭示一个不堪回首的女命。坤：己卯?庚午?己未?乙亥（空子丑）胎元：辛酉??命宫：丙子大运：辛未1?壬申?癸酉?甲戌己未日元生庚午月，月上见禄透伤官，午未合，身强体旺。时上乙亥，喜伤官生财，年上己卯破午禄，己从午中出生庚伤。问父母兄妹几个？18年19年？有没有钱，什么工作？答：父母感情不和离婚，有兄妹，18，19年下风尘，灰色，小三之类，存不了钱。午为母，庚为父，庚在午死地，母克父。要年上己生，时上乙克己，庚立不住，父母不合离婚。午是己禄，在月上，应该不是独子。18年卯戌合，戌是印库，比劫克财。克财破财，被娱媒公司骗签合同，欠大额赔偿金。从此风尘中滚打。女命月上的禄，人人可以碰，容易下海。午是女命的下体，庚伤官也是下体。卯午破，杀是男人，破的关系是伤害，乙庚合，用体合杀，时上乙亥，杀带财。所以日主与杀发生关系，是为钱。乙禄在卯，卯上透己，年己是卯的妻，所以是小三之类。命中庚不完整，行西方运，可以生财，财不会丰，存不下钱。子平术学习需要找到志同道合的易友，一起实战研究。大龙研究三十余载，欢迎交流学习。
1,9,6,6,3,9,1,7,2,坤甲申己巳丙申甲午,1,上一篇风尘女的案例，很多老师很认可，今天再发一位易友与我探讨的案例，一手盘。征得易友同意，愿意与更多易友分享，我发出来。与大龙私下交流的信息，请放心，我会保证隐私，不会私自外发。坤：甲申?己巳?丙申?甲午（空辰巳）胎元：庚申??命宫：庚午大运：戊辰5?丁卯?丙寅乙丑丙申日元生己巳月，月上见禄透伤官，时上甲午印生阳刃，体旺无疑。喜月上己土伤官泄秀生财，可惜年时双甲印合己伤官，层次不高。?月上己土伤官生财，甲己合，印坏事，思想偏激。反馈初中抑郁症哥腕。财弱行东方运，生火克财，家境普通，反馈对。丁卯运生禄，学历不高，高中，反馈是艺术本科。这是风尘女。巳申合，禄合财，申在年其它人老公。巳申合，巳是申的杀，是小孩，申从年伏到日，夹巳合，申是驿马星，男人往来之象。加上伤官坏，思想偏激挣快钱，没道德底线。反馈甲辰年下海，阳刃克财，钱来的快，花的也快，存不了钱。子平术学习需要找到志同道合的易友，一起实战研究。大龙研究三十余载，欢迎交流学习。
10,4,2,4,1,3,9,9,1,乾癸卯乙卯甲寅壬申,1,阳刃指五阳干帝旺之处，四正子午卯酉为阳刃，五行纯而气盛，盛处藏衰，冲官劫财凶，阳刃多现，越凶。阳刃架杀，食伤泄秀，可以发富贵，但人生波折大。大运流年引动，凶是分尸，轻则伤残。阴天干不存在阳刃，乙在寅是劫财，寅中有戊丙寅，杂而气散，没有刃一说。今天这个案例，是我没换头像时所断，大家可以参考。乾造：癸卯?乙卯?甲寅?壬申（空子丑）胎元：丙午??命宫：戊午大运：甲寅3?癸丑?壬子?辛亥?庚戌?己酉甲寅日元生乙卯月，阳刃当令月上透干头刃，年上癸卯，印生阳刃，阳刃重重必克父，这盘父必不寿，可惜没反馈。这盘克妻吗？可能小不利妻，不算克妻，易友们可以自己研究下。问17年丁酉年何事？答：见生死。己酉大运丁酉年，大运酉冲卯，流年酉冲卯，阳刃引动，刃指刀刃，要么砍入，要么刃崩。动了阳刃劫财官，命中财弱，财亡命灭，因为财为养命之源。反馈：他弟弟林用镰刀搂他的头部，第一刀没楼上，第二刀奔他脖子，楼他地脑瓜顶上。然后他地家属从地点儿出来拿广锹，将弟弟的撵跑。紧接着就上医院，然后捡条命，至今还是植物人。阳刃的凶，不但本人应，引动一方同样凶，其弟弟肯定被刑。子平术学习需要找到志同道合的易友，一起实战研究。大龙研究三十余载，欢迎交流学习。
10,4,1,1,5,7,2,4,2,坤癸卯甲子戊午乙卯,1,剖腹产择日我个人观点，最好不要择日，顺其自然。择日的因果很深，有实力的命师，轻易不可能帮你择日，而能帮你择日的，多数是骗财。这是朋友圈看到一个案例，2岁小孩得白血病，庸师收5万，帮剖腹产择日，这个日子很凶。择好日本想达到最优组合，趋吉避凶，择不好，反而大凶。实践中我帮一个亲戚选了个日子，没想到后面提前出生。坤造：癸卯??甲子??戊午?乙卯（空子丑）胎元：乙卯??命宫：甲寅大运：乙丑5 ?丙寅戊午日元生甲子月，财星当令月上透杀，年上癸卯，时上乙卯，财生官杀旺。戊午日座印化官生身，一看好日子。庸师只知肤浅的命理，有官有印，又有财，很是富贵。不知子午冲，财坏印。双卯破午，印已经损坏严重，非但无大富贵，反而出大灾。年上财生月杀，时上官，官杀混杂财杀党众。甲辰年，七杀透克身，子午冲，卯午破，午坏血液的病，白血病。择日一千位命师，不超过五个能择好日，普通人顺其自然，不择日为好。否则花钱买闹心。多数择日，普通日子，遇到这种庸师与日子，那个人能受得住？子平术学习需要找到志同道合的易友，一起实战研究。大龙研究三十余载，欢迎交流学习。
7,7,5,1,7,9,7,5,2,坤庚午戊子庚申庚辰,2,李裕丰群主提供的八字都是一手八字，生活周边的人，反馈详细，真实可靠。看过我公众号文章的易友，对李群主应该了解。19年他问投资，发了自己八字，我断要破财，二三年后反馈，破财好几百万。李群主自己是命理爱好者，建了一个群，当时好多人断他要大发，花好几千，开车几千里，找安徽一大师算命，也是大发。一切都是命，不过李群主还是勇对生活，现在还在实业报国。坤：庚午戊子庚申庚辰（空子丑）胎元：己卯??命宫：丙戌大运：丁亥6?丙戌乙酉甲申癸未壬午辛巳庚申日元生戊子月，伤官当令。庚申天地一气，八专日，支三会伤官，八字克夫比较明显，下个大运，甲申，夫宫伏吟，当是应期。问婚姻应期，断壬寅年反馈是丙申，断错。年上庚午，午为正官，被月上伤官冲克，第一个男友肯定不成。丙戌运，七杀座库，有男人出现，能不能成婚？肯定不能，戌冲辰，开了伤官库，必会分手。问甲午年是否分手，反馈分手。甲午年，三庚争财，财生官，官强，冲伤官，水火相冲，双方火气大，必然分手。所以乙酉运，财来合身，才能动婚。断大专，温饱，质检。反馈是大专，温饱，开网店。月上戊子，印虚透，天干三庚分印，学历不高，大专，温饱。问此命特点，断三会伤官，弃婴送人养，反馈是抱养。子月的金，太寒，喜欢年上午火暧局。命不见财，官当财，年上午官，是祖基，也是养命之源。月上伤官冲，这是离祖之象。辰时出生，伤官库辰悔火，三会伤官，应在生时，必是生下没多久送人。看到此处易友，帮点个赞，谢谢。子平术学习需要找到志同道合的易友，一起实战研究。大龙研究三十余载，欢迎交流学习。
3,1,6,12,5,5,7,9,2,坤丙子己亥戊辰庚申,2,日月之灵是相识多年的老易友，此坤造是他发出来，试断了这个八字，这个八字财旺印弱，学历高，有些特点，做个记录。自己建了盲派八字实战群，各位老师轮流出题，答案只有出题老师知道，打真擂，上榜老师分享，收获良多。现在其它群基本不会断八字，除非是特别八字。坤：丙子?己亥?戊辰?庚申（空戌亥）胎元：庚寅??命宫：庚申大运：戊戌7 ?丁酉?丙申?乙未?甲午?癸巳戊辰日元生己亥月，财星当令。月上比却合财，自座比却，财库。比却合财要看体旺，能合住财，就有财。年上丙子，印星虚透，时上庚申，食神泄秀，合财是合不住。支申子辰三合财局，亥月财当令，财气冲天，可顺不可逆，反以食神顺生为用。问学历婚姻，断研究生，未婚，癸卯有动婚象，还断了上有一哥。学历看印。申子辰三合财局，命局财坏印，印星坏尽，只要大运制印星就有学历。大运一路西方运，食伤泄秀生财，财来坏印，不过大运天干印透，博士到不了，只能是研究生。一路食伤旺，不可能有婚。月上比却，很明显，上面有兄姐，断一哥，实际是姐。后面与日月之灵易友私聊，将家境，性格都断对。学过大龙盲派象法，直读就可以，不再解释。看到此处易友，帮点个赞，谢谢。子平术学习需要找到志同道合的易友，一起实战研究。大龙研究三十余载，欢迎交流学习。
7,5,9,7,1,1,7,7,1,乾庚辰壬午甲子庚午,1,这群里遇到一位易友，他会一些命理，当然分辨不了书中讲的什么是对，什么是错。子午双包子不冲午，地支符合火炽乘龙，和子午双包格诗句中的午多见辰更相宜，这些格式化的命理条文，时准时不准，准不知为什么，不准不知为什么。今天来看这一手盘，精神病。乾造：庚辰?壬午?甲子?庚午（空戌亥）胎元：癸酉??命宫：辛巳大运：癸未3?甲申?乙酉?丙戌甲子日元生壬午月，伤官当令月上透印，时上庚午，双伤官泄气，喜印印被双午冲，年上庚辰双午生辰变墓子水，命中水受伤重。印是祖基，家境一般，学历不会高，行西方运生印。双午冲子，水火交战，午是伤官代表思想，精神容易有病。断庚子年冲午，得病。反馈是壬寅年。没有细问，庚子年有没有精神上问题。壬寅年，寅木化子水生午火，印受制，伤太重，精神病。易友自己讲伤官伤尽，实际这盘杀能制尽？杀生印为喜，如制尽杀，精神上不是现在这样，控制能正常交流。子平术学习需要找到志同道合的易友，一起实战研究。大龙研究三十余载，欢迎交流学习。
4,6,7,11,1,5,1,11,1,乾丁巳庚戌甲辰甲戌,2,大龙盲派八字群422期，是思静老师提供的一手八字，反馈与八字符合，详细，及时，感恩思静老师辛苦值班！总分160分，140分以上的冠军，110分以上的亚军。很明显，上榜老师的得分都很高，经过多年的实战，各位老师命理水平提高很多。上面视频是各位上榜老师命理分享录屏，有兴趣的易友可以观看，想要八字实战的易友，欢迎加入大龙盲派八字实战群。乾：丁巳　庚戌　甲辰　甲戌（空寅卯）胎元：辛丑??命宫：丁未大运：　己酉3　戊申　丁未　丙午　乙巳　甲辰甲辰日元生庚戌月，财星当令，月令财生杀透，支三重土，食神盗气，很明显财重，喜印印不现，好在时上透比却，可以安身立命，也算勤干之人。财重无印，层次温饱，学历不高，喜印，印入墓，两戌冲辰，印墓也坏，工作不可能有贵气。这个八字婚不易看，双戌冲辰，妻宫双冲，离婚之象，好在时上甲透克座下戌，所以答的一婚。反馈是夫妻双方不在一起工作，经常分开，也应了双戌冲辰。此命最难的就是壬申年父亡，毕竟财当令食伤生财，印入墓，被冲两次，答这题时，是母亡还是父亡，我思考了有十几分钟，中间一度间隔几十分钟，正应了台上一分钟，台下十年功。毫无疑问，月上戌土就是父亲，时上戌土是继父。年上丁火相生，月上透庚杀盗气。戌月土当令，支三重土一火，初一看没有毛病。戌月丁入墓，辰冲戌，戌中丁火坏，月上庚盗气。如果父要出问题，一是大运坏了丁火，二是大运庚见根，泄尽戌土。戊申运壬申年，戊从巳中戌中出，大运虚透，命局土实大运怕虚，凶象毕露。流年壬申，庚金见根，泄尽大运的戊。大运申中壬水藏而不透，壬申年壬水透干，申化土生水，印的力量非常大，引动比却甲木，克财，父亡。大龙盲派以理服人！八字的开始是理，所以学命理的基础是理法。反馈后的命理分享，验证了父亡的推理，思维发散，灵识喷涌，当场实断，有继父，继父老婆亡，有小孩。反馈是有继父，其它二项不便找命主反馈。子平术学习需要找到志同道合的易友，一起实战研究。大龙研究三十余载，欢迎交流学习。
5,7,7,9,10,12,4,6,2,坤戊午庚申癸亥丁巳,3,此坤造是点射群里的易友提供，一手八字，细节也可以反馈。另还有一件趣事，之前找人算命，2000元，中间介绍之人拿了800，这中介很爽。实际此造，若找我算命，5000要收的，我算命按命收。大龙盲派八字实战群的八字，都是一手八字，无论答题对错，反馈后基本都能对照命局，反思推敲，总结得失。欢迎有志于命理研究的易友，入群实战。坤：戊午?庚申　癸亥　丁巳（空子丑）胎元：辛亥??命宫：甲子大运：己未8 ?戊午?丁巳?丙辰?乙卯?甲寅癸亥日元生庚申月，印星当令，月令白虎印天地一气。八字组合很好，身癸亥，印庚申，官戊午，财丁巳自座强根，福祷具全。戊癸合官，体旺能合住官，年官时财，互换禄元，富贵彰显，座下亥与时上巳冲，格局略微不美。问学历，婚姻，层次？断本科，公职处级，一婚，3-5千万反馈后，基本对。印当令，问学历，喜官生，早年行己未，戊午，官旺生印，本科没有问题，结合年代，那时本科，相当现在研究生，换在现在出生，断研究生，所以八字命理要与时俱进，灵活变通。婚姻断错，原命巳亥冲，丁巳大运，冲亥引动，婚姻出问题。看职业，财官互换禄，印星当令透天，自己合官，必是当官。官星无伤，支两见根，断处级，目前正科，也合理。看财，时上丁巳，财在门户，旺相，年上见禄，禄上透官合身，财官一体，大发其财，3-5千万。从八字上看，后面必有一却，反馈说找的大师说甲寅运不行，到时不干了。为什么是甲寅？庸师套书断命，甲寅伤官见官，会如庸师所断？子平术学习需要找到志同道合的易友，一起实战研究。大龙研究三十余载，欢迎交流学习。
5,3,6,8,8,8,3,9,1,乾戊寅己未辛未丙申,2,实战出真识，吹牛没有用。大龙各大群实战，断如所见！所断截图，反馈截图，公众号，朋友圈，视频号全是如此，全网独此一家，秒杀古镇一嘴骗子。乾造：戊寅?己未?辛未?丙申（空戌亥）胎元：壬戌?命官：甲寅大运：庚申6 ?辛酉?壬戌?癸亥辛未日元生未月，印当令。辛未日生是孤寡，命局组合不好，刑克六亲，胎元逢空，也是福禄受损的信号。原命正偏印混杂，未月官有余气，所以一看八字，其母必克夫。这是最基本的，推父亡流年是另一事。四土生金，申冲寅，寅入未墓。庚申运，庚寅年，流年大耗，主孝。庚金盖头寅木，寅入未墓，父亡。申冲寅，肺癌。再看母，土太旺，又有官生，印过旺，过犹不及，不利寿。丙火虚透，伤了丙火母禄尽。辛酉运，丙辛合，母亡应期。流年辛丑，丙辛合入丑墓，母亡。这个八字，有一个问题可以思考，戊己土那个是母亲？丙申时，申在时，为什么上面亡了一个哥？子平术学习需要找到志同道合的易友，一起实战研究。大龙研究三十余载，欢迎交流学习。
7,9,5,1,6,8,8,8,1,乾庚申戊子己未辛未,2,这是一手八字，发出来后，现场断后，有部分答案再支问的反馈。一婚娶的姐姐，二婚娶的妹妹，一对姐妹花，乱人伦。乾造：庚申?戊子?己未?辛未胎元：己卯?命宫：甲申大运：己丑10?庚寅?辛卯?壬辰己未日元生子月，财星当今，月上戊子，天干食伤混杂，财星与妻官穿，婚姻危险信号。问婚姻，娶的什么人。断娶二婚嫂子，反馈是小姨子。现断甲申一婚，丙戌离婚，小姨子二婚，出题老师自己也不知道，后面问到反馈都是。实际自己与小姨子前夫是连襟，也是异性兄弟。再来分析命局。子未穿，未中丁火坏，印星坏，无礼义廉耻，天干食伤生财，为达目的不选手段。戊子自合，财先让比却合，这是二婚之象，子未穿，也是二婚。财被妻宫穿坏，流年来生财自会结婚，甲申结婚，申在壬为一妻。引动比却，会离婚，丙戌年比却见根。印制伤官离婚。戊子财旺二婚，子是第二妻。为什么是小姨子？再回到先天命局，财都是年上庚申生的，申中壬是姐，子是妹，壬子都是庚申生，庚申是壬子的母亲，所以是亲姐妹，申到也是一婚，子到二婚。子平术学习需要找到志同道合的易友，一起实战研究。大龙研究三十余载，欢迎交流学习。
3,3,4,10,5,7,5,7,1,乾丙寅丁酉戊午戊午,2,阳刃指五阳干帝旺之处，四正子午卯酉为阳刃，五行纯而气盛，盛处藏衰，冲官劫财凶，阳刃多现越凶。阳刃叠叠五马分尸。这是一手案例，命主是一派出所所长，因公被枪击伤残。乾造：丙寅?丁酉?戊午?戊午（空子丑女）胎元：戊子??命宫：庚寅大运：戊戌10?己亥?庚子?辛丑戊午日元生丁酉月，伤官当令月上透印，戊午日伏吟到时，天干正偏印生身，失令不弱。印是官生，公务员小领导。阳刃叠叠，有伤残。我看到这个案例是，已经有反馈伤残，我断了庚子年枪击，反馈是。阳刃受制容易出问题，己亥运，比劫能克财，问题不大。庚子运，食生财，子冲午，水火相激，容易出问题。流年庚子，与大运伏吟，冲双午，血光之灾。好在年上见寅化了子水，只伤没有亡。子平术学习需要找到志同道合的易友，一起实战研究。大龙研究三十余载，欢迎交流学习。
5,1,1,3,6,4,8,8,2,坤戊子甲寅己卯辛未,2,这是山隐老师提供的一手案例，后面我们讨论交流了对这个盘的看法，大家取长补短，共同学习共同进步，这就是大龙盲派八字实战群的初衷。坤造：戊子??甲寅??己卯?辛未（空申酉）胎元：乙巳??命宫：庚申大运：癸丑7 ?壬子?辛亥?庚戌?己酉己卯日元生甲寅月，官星当令月上透官，甲己合，自己合官。体偏弱，寅中有甲戊丙，甲戊透，不见印，吃不了皇粮。戊子合财，子未穿财，用手脚吃饭，是牙医。问己卯年何事？答：夫亡。命中官杀当令，强旺。辛未时，未是己的根，按书房派，卯在夫宫是正夫，命局没有受制，夫星没有问题。但大龙盲派秘传夫法不这样，以未中乙为夫，戊子会，子未穿，夫弱。辛未时，食神克未中乙，大运己酉，食见根克夫。流年己卯，与大运地冲，正是夫亡应期，卯从未中出，食制杀，夫亡。子平术学习需要找到志同道合的易友，一起实战研究。大龙研究三十余载，欢迎交流学习。
4,4,3,7,10,6,9,1,2,坤丁卯丙午癸巳壬子,2,各位易友见过各种假大师，有敢实战？无论假大师的群，还是别人的群，反馈完假大师会出来马后炮，装一装。大龙各大群实断，所断截图反馈截图。坤造：丁卯??丙午?癸巳?壬子（空午未）胎元：丁酉??命宫：辛亥大运：丁未9?戊申?己酉?庚戌癸巳日元生丙午月，财星当令月上透财，年上丁卯，食生财。天干正偏财混杂，财星得令得势。时上壬子，日禄归时，财强身弱，影响层次。问：官贵？老板？打工？断打工，反馈是。这不仅是选择题，我们要知道为什么。官贵：至少有学历，初运丁未，子未穿，禄受制，喜印不见印，没学历，实际初中。老板：用食神生财，子卯刑，禄与食全坏，不是做生意的料。打工：虽行西方运扶身，但原局财太强，印无立身之地，行印运只是顺利，不可能有发迹。子平术学习需要找到志同道合的易友，一起实战研究。大龙研究三十余载，欢迎交流学习。
8,12,6,12,10,4,2,4,1,乾辛亥己亥癸卯乙卯,3,这是金刀驸马易友提供的一手案例，是他一个亲戚。甲午运40岁之前，一无事处，短短5.6年发富千万，时也命也。一子己婚，52岁还生一子，孙子比儿子大，人间一美谈。乾造：辛亥?己亥?癸卯?乙卯（空辰巳）胎元：庚寅??命宫：辛卯大运：戊戌3?丁酉?丙申?乙未?甲午?癸巳癸卯日元生己亥月，比劫当令月上透杀，年上辛亥，印生比劫，比劫一片，喜食伤泄。自座神食，时上乙卯，月上杀生印杀为忌，食神制杀，格局清纯。问职业，22年何事？答：小生意，22年发横财。实际是老板，22年得子，并且发财。比劫一片喜食伤泄，而食神在座下，食神是思想，暗生财，做老板。22年壬寅甲午运，大运伤官生财，流年伤官见禄生财，寅午半会，必然发财。命中杀虚透食制，子孙不旺，甲午运，杀见禄甲己合杀受克，流年寅生午，杀不受甲克，生子。52岁生子，讲实话，真不敢这样断。子平术学习需要找到志同道合的易友，一起实战研究。大龙研究三十余载，欢迎交流学习。
2,12,6,2,3,3,5,1,2,坤乙亥己丑丙寅戊子,1,这是含章老师提供的一手八字，他有几个盲师易友，经常交流。这是盲师提供的盘，他发出来交流。坤：乙亥?己丑?丙寅?戊子（空戌亥）胎元：庚辰?命官：庚辰?夫宫：丙戌丙寅日元生己丑，伤官当令月上透，伤官天地一气直透，命主行事不拘理法，不服管教。女命以夫子为贵，喜配印，年上还真透印，按病药说有贵。年上乙亥，正印在亥为死地，座空，遇而不遇，以座下枭寅为主。枭伤心性，说不得管不了，自私自利，享受放纵。年月时都有官，时上食神合官，月上丑合子，亥子丑合，伤官又是女命的下身，夫宫寅，与官都有感应，是不是靠身体赚钱？亥子丑合，是不是在不停换地方？断此女挣钱，可惜无反馈。年上乙亥，杀生的印，应该是五星酒店。无论什么行业，都有不同层次，毫无疑问，此女很高级。丙寅炉中火，这女的很漂亮，寅亥合空，寅是钢管，能歌善舞。亥子丑合，官喜丑中辛生，官人对她很是满意。胎元，命宫，夫宫，都是食神，夫宫又空，婚不好，但不会克夫老公，什么原因，易友们可以思考。子平术学习需要找到志同道合的易友，一起实战研究。大龙研究三十余载，欢迎交流学习。
8,8,8,4,7,5,8,6,1,乾辛未辛卯庚辰辛巳,1,这个案例看样子是转发的，没有其它细节。缅北电诈园，国内黑黑有名，这我们不敢参观，来赏析一个缅北电诈犯的八字，算是另一种兴致。乾造：辛未?辛卯?庚辰?辛巳（空申酉）胎元：己酉??命宫：丁酉大运：庚寅2 ?己丑?戊子?丁亥庚辰日元生辛卯月，财当令月上比劫，天干比劫一片虚透。月上比劫克财，年上辛未，比劫制财库，时上辛巳，阳刃架杀。命盘全是想制财官，座下印星，卯辰穿，财坏印。品德败坏，无法无天，嚣张跋扈，格局低下，违法信息明显。问癸卯年何事？答牢狱，反馈是。尽管比劫一片虚透，制财官，但是比劫不能坏。丁亥运癸卯年，大运丁克辛，亥卯未三合，财旺想发财。比劫坏，无取财手段，只能非法取财。癸卯年，卯辰穿，财生杀旺，诈骗被抓。子平术学习需要找到志同道合的易友，一起实战研究。大龙研究三十余载，欢迎交流学习。
6,6,4,4,7,5,9,7,2,坤己巳丁卯庚辰壬午,2,这是紫阳老师提供的一手案例，身边人，真实可靠。反馈后，我问紫阳老师，这女的是出轨后，老公才跳楼，反馈是。坤造：己巳?丁卯?庚辰?壬午（空申酉）胎元：戊午??命宫：壬申大运：戊辰5?己巳?庚午?辛未庚辰日元生丁卯月，财当令月上透官，年上己巳时上壬午，官在年时见强根，坐下卯木生，丁壬合官星以金水为用，大运不能再行官地，否则金水死绝，官禄尽。问壬寅年何事？答：夫亡自己亡。反馈是夫跳楼亡。庚午运壬寅年，寅木生午火，壬水被寅木泄水死，寅巳穿生旺巳火，巳中庚金损坏，金水死绝，夫亡。从另一个角度看，官星旺，大运再扶官星，旺极而亡。时上壬午，食神座在官上，午是老公。丁壬合，丁是另一个男人，所以我问出题老师，是不是命主出轨，老公跳楼，反馈是。子平术学习需要找到志同道合的易友，一起实战研究。大龙研究三十余载，欢迎交流学习。
1,11,8,8,1,3,4,4,1,乾甲戌辛未甲寅丁卯,2,很多易友有个认识，当令强好，失令弱差。实际任何五行，来自阴阳，过，不及都不理想，组合不好，就容易出问题。今天分享一个财星当令，父亡案例，供大家参考。乾造：甲戌?辛未?甲寅?丁卯（空子丑）胎元：壬戌??命宫：辛未大运：壬申5 ?癸酉?甲戌?乙亥甲寅日元生辛未月，财当令月上透官，年上甲戌，财当令财众。甲寅日元，时上卯木阳刃，年上甲助身，失令不弱。?问癸卯年何事？答：父亡。反馈是父丁巳月心梗。甲戌运癸卯年，年上甲戌伏吟到大运，戌为父原命卯戌合，戌上透七杀甲，财受制，这步运是父应事。癸卯年，卯戌合，合到财星父送终。各位易友思考下，为什么不是妻而是父亡？子平术学习需要找到志同道合的易友，一起实战研究。大龙研究三十余载，欢迎交流学习。
2,10,3,11,1,11,3,3,1,乾乙酉丙戌甲戌丙寅,2,这是一个读者发的盘，想看看怎样。命理推断，不断过去，不断流年，怎样推断未来？大龙的朋友圈，公众号，视频号，全是我断截图，反馈截图。命理圈一直知道大龙断流年，层次，细节顶顶的。乾造：乙酉?丙戌?甲戌?丙寅（空申酉）胎元：戊子??命宫：辛巳大运：乙酉4?甲申?癸未?壬午甲戌日元生丙戌月，财当令月上透食，戌财从月伏到日，时上丙寅，双食泄身太过，好在时见寅，日禄归时有根气。年上乙酉，酉官克禄，日禄归时不喜官，双戌穿酉，官受制，禄可用。断家境一般，学习一般，辛丑年出灾撞邪，反馈是。双食盗气生财，喜印不见印，印生身这本，家境一般。读书行本方运克禄，本无学历，好在大运透比劫助身，读一本。双戌穿酉制官，乙酉运辛丑流年，丑刑戌辛克乙，丑加强了酉的力量，禄被克出灾，丑中辛为邪气，反馈家人问仙是。子平术学习需要找到志同道合的易友，一起实战研究。大龙研究三十余载，欢迎交流学习。
3,7,1,7,10,2,8,10,1,乾丙午甲午癸丑辛酉,4,亿万富翁发富的盘，在命理上有几种组合，官杀当财，食神制杀，官印相生，伤官生财，枭印夺食，很多是书上的凶神得用。实际命理中并无凶神吉神之说，命局中凶神得用，反而发富贵的层次更高。乾：丙午?甲午?癸丑?辛酉（空寅卯）胎元：乙酉?命宫：辛丑乙未6 丙申 丁酉 戊戌 己亥 庚子癸丑日元生甲午月，财当今，月上伤官泄身身财，年上财伏到月，财当令，又有源，亿万之巨。财有，如何取财？财能流通到自己，才是自己的财。午火生丑土，丑土生酉金，印来生身，顺生有情，终究发富。问结婚，座下印库，辛，癸都有用，伤官还生财，一婚。财来穿妻宫，美中不足，伤官生年月的财，情妇是多。有情妇与离婚是两回事，不可不辩。此造为什么发富不发贵，易友们可以想一想。子平术学习需要找到志同道合的易友，一起实战研究。大龙研究三十余载，欢迎交流学习。
4,4,10,4,9,9,10,4,1,乾丁卯癸卯壬申癸卯,2,乾：丁卯?癸卯?壬申?癸卯（空戌亥）胎元：甲午?命官：戊申大运：壬寅7?辛丑?庚子?己亥问一家三口职业？壬申日生癸卯月，伤官当令，三卯泄身太过，伤官无制很易走歪道，所以看到这种八字，要特别注意。天干两个干头刃助身，喜的是座下配印，卯申合，伤官有制。可以看到命主情商高，能力强，喜印座印，一路北方运程扶身，必是贵。天干比却助身，事业单位，财是火，电力单位。再看父。年上丁卯，伤官生的财，在年为大，必是吃国家俸禄，忌其旺，财不旺，父也是贵命。再看母。座下申为母，喜印而印在座下，卯申合，伤官生的财，来合申，是不是申也是吃回家俸禄？申的位置在日支，占的位置不好，权力无父大。子平术学习需要找到志同道合的易友，一起实战研究。大龙研究三十余载，欢迎交流学习。
3,11,6,12,1,7,5,5,1,乾丙戌己亥甲午戊辰,1,这是心安老师一手案例，一位盲师，儿子痴呆，结了三次婚。乾：丙戌?己亥?甲午?戊辰（空辰己）胎元：庚寅??命宫：庚寅大运：庚子8 ?辛丑?壬寅?癸卯?甲辰?乙巳?丙午甲午日元生己亥月，印星当令，月上透财。座下伤官，天干财星混杂，食神泄气，虽印星当今，土来浊水，较显无情。问工作，首先此造一眼看去无富贵，这没有争议。以胎元命宫来看，午临小耗，丙辛合，丑戌刑，辰戌冲，食伤库坏，这是先天眼盲之象。观其行运，东南向，日元有生扶，断是盲师，反馈是盲师。其子痴呆，与命局完全符合。官在戌中，被丙合制，以子孙宫来讲，临大耗，都是不吉。财来坏印，三婚无贤妻。子平术学习需要找到志同道合的易友，一起实战研究。大龙研究三十余载，欢迎交流学习。
6,10,4,2,4,10,8,2,1,乾己酉丁丑丁酉辛丑,1,文三爷，湖南非常有名的黑社会大佬，开赌场，放高利贷，组织、领导、参加黑社会性质案子，16年被网上举报，17年被抓住，19年被判无期徒刑。按照判决，资产有12亿。上有二姐，排老三。我找到提供这一手八字老师，八字来源非常可靠，具体怎样得到这个八字，有私密信息，不方便多讲。乾：己酉?丁丑?丁酉?辛丑（空辰巳）胎元：戊辰?命宫：丁卯大运：丙子5 ?乙亥?甲戌?癸酉?壬申丁酉日元生丁丑月，食神当今，月上比却助助身，胎元戊辰，伤官泄身，地支丑酉合财，只能顺财。时上辛丑，财星通门户，财成势，几十亿的巨富。月上比却助身，这就是问题，月上丁帮生食神，同时劫财，这个丁火即是贵人，也是手下小弟，丑财库从月，伏到时，自己得大财，别人得小财。甲戌运开始起家，戌是伤官，也是比劫库存，这步运，波折多。癸酉运，七杀制比却，发家。壬申运，丁壬合木，破局了。丁酉年，三丁成势，牢狱。以命相看，己巳运，应该可以出狱。为什么是黑社会？丑是财库又是食神，财从丑中出，四库中，丑中之物最阴暗。开赌场，放高利贷，打砸抢夺。八字不见阳，心狠手辣，毫无疑问，这八字女人也多。子平术学习需要找到志同道合的易友，一起实战研究。大龙研究三十余载，欢迎交流学习。
1,5,3,1,7,11,2,10,1,乾甲辰丙子庚戌乙酉,2,最近有几位老师私我，问怎样学好八字。我个人认为学习八字，一开始的方向要找到。现在八字命理断法很多，开始时是很难分辨。但是最好的方法，是唯一。无论哪种方法，一气生阴阳，阴阳生五行，五行生万物，五行是一切的基础。有条件的找个良师益友，能够给些指点，关键处点拔，事半功倍。找些志同道合者，共同前行，大龙盲派实战群正是这样的平台。打真擂，每天由冠军老师分享剖析命理。乾：甲辰?丙子?庚戌?乙酉（空寅卯）胎元：丁卯??命宫：己巳大运：丁丑4 ?戊寅?己卯?庚辰?辛巳?壬午?癸未庚戌日元生丙子月，伤官当令，月上透杀。伤官制杀，年上财星生杀，子辰合，伤官配印，财又坏印，所以这是一个混乱，无法取清的八字，乙庚合，合的阳刃的财，财星禄空，必是小财，温饱无疑。这个八字最出彩之处是无妻，要讲明白无妻，还是看原局。酉戌穿，阳刃穿到妻宫，克妻。年上甲辰，与庚戌天克地冲，这是财星与妻宫的冲，财入不了宫。原命的伤官被两个枭克，大运解决了财与伤的问题，就可成婚。戊寅运，财来克印，丙来泄财，不成。己卯运，卯戌合，酉来冲卯，进不到妻宫，还是无妻。庚辰比却夺财，无婚。南方运，财伤死绝，何来婚姻？子平术学习需要找到志同道合的易友，一起实战研究。大龙研究三十余载，欢迎交流学习。
3,7,6,12,2,12,4,2,1,乾丙午己亥乙亥丁丑,0,网上见过大唐骗子号称全网断寿元第一，实际有它发的案例，不是小号发就是P图，别人发案例，它不敢断。传统命理书，一般断寿元讲食伤，印之类，实际寿元星，任何一个十神都能做寿元星。大龙盲派断生不断死，无论求测者出于什么目的，断对断错对命主本人都会产生重大影响。我学命几十年，也是近几年才对寿元有些心得。只可意会不可言传，因为寿元是命中所有用神的损坏，比如大运财坏印，流年可能官克了比劫，并不存在单一用神坏。同一八字，不可能同一年去世，所以准与不准，只是大概，下面发一个我断了三次的案例，大家参考下。乾造：丙午?己亥?乙亥?丁丑（空申酉）胎元：庚寅??命宫：癸巳大运：庚子10 ?辛丑?壬寅?癸卯?甲辰乙亥日元生己亥月，印当令月上透财，年上丙午伤官泄身，时上丁丑食生财。日元无根，虽印当令，财不旺，但食伤生财，有财印交战之势。问何年去世？答：辛丑，反馈不对，答：辛未，最后答乙丑，实际是丙寅。命局财印交战，大运坏了印自然寿尽。看了盘，自然先看到甲辰运，辰克水，流年辛丑，七杀攻身。反馈不对，在之前大运。壬寅癸卯比劫助身，当然不会亡，断辛未年，辛丑运。反馈在辛丑运，尽管辛丑年不对，思路是正确的，辛丑运，丑克水，七制身。辛未年，克印，杀克身。最后断乙丑年，大运辛见根克印，实际是丙寅。寅亥合化印生午火，午旺己旺，这年去世。看到此处不知各位能否有所得，至少到此您要明白，我断的那几个流年，同八字的，都有可能去世，命理学是模糊的精准，不存在百分百。子平术学习需要找到志同道合的易友，一起实战研究。大龙研究三十余载，欢迎交流学习。
8,2,3,9,10,6,3,5,2,坤辛丑丙申癸巳丙辰,2,这是群里老师发的一个案例，是一位大师自吹的案例。命主母亲找它算命，断小孩有残疾，活不过27年。大龙盲派断生不断死，无论求测者出于什么目的，断对断错对命主本人都会产生重大影响。命主母亲听到这样，可见内心的煎熬并且我个人认为命主27年不会死。坤造：辛丑?丙申?癸巳?丙辰（空午未）胎元：丁亥??命宫：癸巳大运：丁酉9 ?戊戌?己亥?庚子癸巳日元生丙申月，印当令月上透财，癸巳自合财官，时上丙辰，财生官，天干双财合克辛印。按地支来看，印当令，没毛病。天干两丙合辛，辛生癸，所以辛坏癸受伤。年上辛丑，是入墓还在座根通库？这决定命局的主要关键之一，辛在申月，金当令，辛得令丑以库论。丙辛合，丙对辛的合克会怎样？查看命主是立秋后6天生，丙有热气，辛是太岁受克，估计有先天性的病，比如心脏。癸巳合克财，辰丑土泄火生申，所以巳中庚不会坏。丁未年，冲辛丑，虽有冲克但命不犯绝，肯定不会死。子平术学习需要找到志同道合的易友，一起实战研究。大龙研究三十余载，欢迎交流学习。
4,8,6,10,2,6,6,4,1,乾丁未己酉乙巳己卯,3,此乾造是我在一个群实断，后发在我群，所以有两张截图，是我群截图，我用语音分享一些个人观点，供易友参考，大龙盲派八字实战群，学习交流永远是第一位。大龙盲派八字实战群，每天的擂题由群里易友轮流出，打擂当天晚上由出题老师直接反馈，答案只有出题老师自己知道。上榜的老师，剖析易理，分享经验。大龙盲派八字实战群，玩的就是公平公正公开，易学圈子不大，相信很多易友听说过，期待能在易学道路相向前行。这里特别讲下含章老师，是我玩易遇到为数不多的是真正喜欢命理学，研究命理学老师，他写过一篇文章，专门介绍八字命理从唐宋到现在的变迁。命理学正是有许多这样的人，才能不断绽放光芒。乾：丁未?己酉?乙巳?己卯（空寅卯）胎元：庚子?命宫：戊申大运：戊申11?丁未?丙午?乙巳?甲辰乙巳日元生己酉月，七杀当令，月上透财，财滋杀旺，杀气腾腾。有杀先论杀，这种月上七杀要特别小心，命局配置不当，非贫即夭，否则一个夭命，还论富贵，徒增笑话。年上丁未，比却库上透食，有制杀之意。喜日禄归时有强根，酉冲卯，巳酉合，伤官合杀命局有救应。食伤制杀，大格局，是发贵还是发富？易友们想想为什么是发富？以大龙盲派命理，我当时断的是发富。财滋杀旺，食伤制杀，必是大富之命，断上亿。两个字后面的知识，值多少？这种命，卦金都是五位数。丙午运，伤官透，发家，乙巳运，日柱伏吟，必是龙在九天，大运职业精准算出，这才是真正的命理。年上丁火生了两个己土，财来坏印，学历不高。乙巳日柱，巳中有官，发富必有官方相助，一路南方运，看看此人行事手段会怎样？子平术学习需要找到志同道合的易友，一起实战研究。大龙研究三十余载，欢迎交流学习。
10,6,9,11,9,9,2,6,2,坤癸巳壬戌壬申乙巳,1,此坤造是2022/10/12日，我在一个群实断，出题老师发出这个八字，只是让大家看看，并无任何提示。反馈后，大家讨论，马后炮都可以。虽命主看不到，但要注意口德，说人发富发贵，无伤大雅，断人母亲，妓，男人多，这有些过了。开始没有断对，就是断对，也不代表能完全看懂一个八字，象考试一样，能得100分？每次100？有污人名节，要慎重。如若反馈是不守私德，我们分析命理，这没毛病。坤：癸巳?壬戌?壬申?乙巳（空戌亥）胎元：癸丑?命宫：甲寅大运：癸亥3?甲子?乙丑?丙寅?丁卯壬申日元生壬戌月，七杀当令，月上透比，天干二比虚透，月上比肩座空，有伤兄弟之象。时上乙巳，伤官生财，年时两巳合申，财来坏印，稍显无情，喜的月上杀来生印，不至于印星死绝，母亲早亡。上面是先天命盘大体分析，要断断这个八字，实际出题老师，当时也不知任何情况，我们断后，才去问的反馈。10岁的小姑娘，无非是父母伤亡，寿夭，疾病，甚至残。壬申日主，自坐印星，胎元癸丑，官来生印，不是夭命。天干比却助身，地支安静不乱，不会疾病。上面分析母亲印星无恙，不伤母。年上癸巳，巳申合，巳是父，入戌墓，戌是七杀，又是财库，以大龙盲派秘传象法，这是不受祖业，弃养这象，所以断弃婴。比却重重必克父，为什么这个八字不克父？为什么是私生子？子平术学习需要找到志同道合的易友，一起实战研究。大龙研究三十余载，欢迎交流学习。
10,2,1,1,4,10,1,5,1,乾癸丑甲子丁酉甲辰,2,此乾造是我19年在一个群实断，后面退出，唯一可惜的是，当时没有截图。最近再进群，得到反馈，500万投资失败，目前事业一般。当时与他表哥合作，入股表哥公司。当时断表哥运程走败运，以命看，表哥的命，承载不了这么多财。命算有缘，无缘相逢也是空。命主19年从广东驱车到安徽找一个王大师，花几千元问投资怎样，得到发大财的批断。乾：癸丑?甲子?丁酉?甲辰（空辰己）胎元：乙卯??命宫：甲子大运：癸亥8 ?壬戌?辛酉?庚申?己未?戊午?丁巳丁酉日元生甲子月，七杀当令，月上透印。年上癸丑，财库透杀，杀来生印，印来生身，是为有情。丁火日元，支不见根，以印化，年上癸生，子月天寒地冻，木无生发又透杀，这种格局，发点富，也易漂，想赚大财，快财，缺少脚踏实地的实干精神。庚申运，财来坏印，支会印，庚申一体，意在生杀生印。庚寅年，印星见根，财虚透，我断这年开始发家，反馈是。丁酉日柱，座下酉为妻，庚申运，庚又来生他，断有情妇，别人有情妇要破财，您有情妇，反而旺财，反馈是，当时我从屏幕能感受他很开心。己亥流年，要投资500万，与表哥合作。当时看了下表哥八字，行运背格，与其合作，肯定不行，当时看到表哥发大财了，心动不已。再观其八字，马上行己未运。子未穿 ，去根，丑未冲，开财库，必是破大财。高峰时千万左右，庚子年，财生杀来穿未，辛丑年，丑冲未，看样子，五百万收不住。丑未冲，应该关门结束。现在有一贸易公司，了胜于无。命理学有句话，真神得用，发富发贵，偏偏找一个江湖大师，时也命也。子平术学习需要找到志同道合的易友，一起实战研究。大龙研究三十余载，欢迎交流学习。
9,7,3,7,3,7,10,6,2,坤壬午丙午丙午癸巳,2,自古以来，阴阳相配是为夫妻，同性恋是命局中的财官失衡引起，这是断同性恋的重要依据之一。今天案例是一手的盘，发题老师认识命主，保护隐私，其它相关的信息不发，供各位易友研究学习。坤造：壬午 ?丙午?丙午?癸巳（空寅卯）胎元：丁酉??命宫：丙午大运：乙巳1?甲辰?癸卯?壬寅丙午日元生丙午月，阳刃当令月上透比肩，地支一片火，年时官杀混杂虚透，水火失衡。命明不见食伤泄，但地支藏四土，可惜火炎土燥，可以判断，性格孤僻，学业一般，实际是本科。官杀虚透，女以官为夫，虽不明见食伤，天干透比劫，不克官，但官在命局立不住。年是祖基，正常祖上有夭亡，可惜没有反馈。断对男人兴趣不大，反馈是双向，就是同性恋。壬癸水立不住，官是男人，命主看得上男人吗？肯定看不上男人。身旺喜座下午中伤官泄，午中藏丁己，午是比劫，同性恋。子平术学习需要找到志同道合的易友，一起实战研究。大龙研究三十余载，欢迎交流学习。
4,4,7,11,9,3,10,4,2,坤丁卯庚戌壬寅癸卯,2,这是一位女士，在群里发一个男士八字，问怎样，合不合适结婚。是二婚男，以乾造看，要找小好多岁小妹。此女士比他小几岁，应该不可能。后面这位女士发了自己八字，人长得小家碧玉，很漂亮。08生女，11年分手。12交往第二男友，19分手。父亡，一弟生下40多天夭。算现男友，有四次感情。有些隐私不便反馈，这里主要讲命理。坤：丁卯?庚戌?壬寅?癸卯（空辰巳）胎元：辛丑??命宫：甲辰大运：辛亥8 ?壬子?癸丑?甲寅?乙卯?丙辰?丁巳壬寅日元生庚戌月，七杀当令，月上透印。座下食神，支二伤官，泄身太过。月上庚戌，杀印相生，有病有药，好像完美。时上生伤官合戌，年上伤官合戌，印完全坏尽，温饱层次，学历不高。这个八字最出彩之处是多婚，我断第一句就是离婚，出轨。断命阴阳五行生克制化是根本，配合我大龙盲派秘传象法，确实能断出精彩。干头刃也代表自己，生卯合官，年上卯木也是自己，又合官。丁卯在年，又合官，所以这官是共享之官，丁壬合，丁又是戌库中出来，坤造合官又合财，必然情感丰富。行北方运，比却生食伤，必然多婚。11，19年分手很明显，不再多讲。为什么弟弟是己巳年出生，易友们可以想想，为什么又夭？子平术学习需要找到志同道合的易友，一起实战研究。大龙研究三十余载，欢迎交流学习。
8,2,8,2,8,8,6,12,2,坤辛丑辛丑辛未己亥,4,云海老弟是通过公众号看到我文章后加的我，也语音聊过几次，山东汉子，嗓门也大，以相学来讲，这种人不属于狡诈之辈。我们之前在同一个群，只是他知道我，我不知道他，因为刚进群，拿了月季军，其实那是别人一个养鱼群，我就被踢，没有深交。学易见过各种人，断不对就说假八字，假反馈，时辰不对的大师不少，正常我个人处理方法：求同存异。自己看不懂的八字，可以保留看法，不用硬套。坤：辛丑?辛丑?辛未?己亥（空戌亥）胎元：壬辰??命宫：辛卯大运：壬寅1?癸卯?甲辰?乙巳?丙午?丁未?戊申此造四土三金一水，土金成势，断对断错都正常。想假反馈，用这八字无疑风险很高，还是以先天命局为根，剖析命理。辛未日元生辛丑月，印星当令，月上透比。座下财库，年月辛丑冲未，开财库。比却库中透出的比却，也就是一大帮人为自己服务。三辛从丑中出，自己辛未，未中丁火可以暖局，也代表自己控制财官。时上己亥自合，亥伤官克官，己又合制，所以先天命局意在求官，断的厅级。一路东南运，土金都有生发，发贵发富，完全合理。大龙盲派秘传口诀，年支月同，破基荡祖，所以断出身普通。行官运发贵，行财运又有学历，这估计是怀疑假反馈的重要原因之一，易友们可以思考一下。子平术学习需要找到志同道合的易友，一起实战研究。大龙研究三十余载，欢迎交流学习。
6,6,4,4,4,4,2,6,2,坤己巳丁卯丁卯乙巳,2,这是八一老师提供的真实案例，命师给人算命，没算对自己不知道怎样取用，群里多数断富贵的盘，今天分享此案例，大家共同学习交流。离婚后交往多少男友没问题，没离婚与它人同居乱伦可耻。坤造：己巳?丁卯?丁卯?乙巳（空寅卯）胎元：戊午??命宫：癸酉大运：戊辰9?己巳?庚午?辛未丁卯日元生丁卯月，印星当令月上透比肩，地支两木两火，木强火炎，行事极端。年上食神泄秀，去火之毒，可惜时上透乙，枭神夺神，格局败坏。看学历，戊辰运，去火之燥，卯辰穿，只能读大专。喜财命不见财，年上巳中伏庚财，月上死绝，普通家庭。看婚姻，命不见官，以财为夫，两庚在巳中，两段婚。庚午运，财在死地，自己无财。食生的财为喜，枭神夺食，乱伦二夫并行。子平术学习需要找到志同道合的易友，一起实战研究。大龙研究三十余载，欢迎交流学习。
8,6,10,6,7,3,6,4,1,乾辛巳癸巳庚寅己卯,2,?这是一手案例，01年生高中学历，在学校时，数学很厉害，老师都惊讶，没读大学。我虽不信宿命论，但很多事情，又很奇怪的发生。乾造：辛巳?癸巳?庚寅?己卯（空午未）胎元：甲申??命宫：丁酉大运：壬辰8?辛卯?庚寅?癸丑庚寅日元生癸巳月，七杀当令月上透伤官合杀，年上辛巳，阳刃架杀，都是要制杀。地支财生杀旺，时上己卯，印星在死地虚透，层次降底。问学历，初运行东方，财生杀旺，印死绝，断高中，反馈中专。01年正常读大专，断高中是要勇气。庚子流年辛卯运，比劫本制财，现在生伤官，伤官生财，财旺生杀，官非。因与女客户口解斗殴进派出所。辛丑流年辛卯运，比劫助身，丑是印根比劫库，发财。父病赔60万，治病有医保，是进财。子平术学习需要找到志同道合的易友，一起实战研究。大龙研究三十余载，欢迎交流学习。
1,3,4,4,7,9,3,11,1,乾甲寅丁卯庚申丙戌,2,此造是陈小羽老师的亲叔叔，感谢陈老师提供一手八字供2023/2/15日的大龙盲派八字实战打擂。反馈详尽，节选部分，上面图片有全部反馈，摘录部分大师精彩分享，实战胜过广告，实战是最快的提高八字命理途径。小康(36岁前温饱，进入辛未运后财运越来越好，在当县名气越来越大，做的事情也多，看丧葬风水，写春联对子，卖烟花炮竹)命主是当地风水先生，看阴宅风水，从小练习书法，现在是中国书法协会成员，在镇上有店铺，卖烟火炮竹，因为毛笔字写的好，所以也写对联卖。早年财运一般，30多岁开始财运稳步上升，在当地有名气，业务也做的越来越广，镇上有一栋楼，2台车，资产有300万左右，丙子婚，庚子年入股朋友公司赔了10多万高中，父乙未年亡。乾：甲寅?丁卯?庚申?丙戌（空子丑）胎元：戊午??命宫：戊辰大运：戊辰6?己巳?庚午?辛未?壬申?癸酉?甲戌庚申日元生丁卯月，财星当令，月上财透官，时上透杀。喜座下见禄，时上印化杀，食神伏禄，喜其藏而不露，聪慧过人。财当今父先亡母在，高中学历，辛未运发家，此三点是这八字最大看点，下面我分享个人观点，供易友们参考交流。74年生人，高中学历，按现在来看，与本科等同，算是高学历。很多老师认为喜印财来坏印，低学历，我断高中，这是为什么？年上甲寅，与日柱天克地冲，不要问，出身比较穷。寅申冲出寅中丙透在时上，戌土化之，此谓财印有情，必有学历。观其初运戊辰，印星生身，学业有成，16岁己巳运，与原局三刑，禄被刑坏，学业不继。流年庚午，比却克财，估计是庚午年高中毕业工作。财当今父先亡母在，很多人理解不了，一般命书讲的财旺克印母先亡。辛未运，阳刃座在财库上，克财之像，以大龙盲派秘传象法，财星入墓。乙未流年，与大运天克地同，父亡。好多老师认为命书上讲的旺不入墓，从古到今，无人不死，无论旺衰，所以入墓与旺衰无关，只是旺衰具体入墓的时间空间不一。辛未运发家。阳刃座在财库上，进财之像，未中的乙坏，未土为印很纯粹，生身兴业。我们答一个人发财发贵，一定要看到从什么时候开始发福，辛未运庚寅年，答兴业，实际是二胎。虽答错流年，能说明我是看辛未运发家。这是马前炮，现在好多命理，都是马后炮，生搬硬套，害人不浅。所以我的文章，都是先断截图再讲命理。大龙盲派命理，不少易友想学习，从基础的命理开始到推算出具体事情，必须从头开始，半年左右才能讲完，因我的时间按排，目前没有开班。所以上面的分析，是以大龙盲派命理为内在的筋骨，可能有的地方限于篇幅无法一一展开，希望各位易友理解。子平术学习需要找到志同道合的易友，一起实战研究。大龙研究三十余载，欢迎交流学习。
3,3,3,9,10,4,5,7,2,坤丙寅丙申癸卯戊午,2,这个易友发八字与我探讨，讲他与人在这个坤造离婚流年有分歧，后面我实断这个八字，将离婚的原因，命主本人品行，甚至兄妹都断出。因为是实断，结束后我想做个易理分享，我问过他，他完全同意。其实讨论命理，在我时间宽裕时，都是可以。在我做了易理分享后，他又反对。后面了解到，这个易友其实是执业的，命主也会八字，质疑他的命理水平，为什么不是戊戌离婚？他无法解释。从我这里套了命理，再给命主解释，而命主可能也玩群，怕被命主知道。这个易友，八十元一算，便宜一定有便宜的理由。林子大了，什么鸟也有。当时想套我此造以后的婚姻，直接拒绝。坤：丙寅?丙申?癸卯?戊午（空辰巳）胎元：丁亥??命宫：辛卯大运：乙未6 ?甲午?癸巳?壬辰?辛卯?庚寅癸卯日元生丙申月，印星当令，年月透财。座下食神，与官的禄午破，婚姻破裂明显。问为什么不是丁酉离婚，而是戊戌年离婚？癸合戊，卯申合，一合官，二合印，合官要合住，必须体旺。癸巳运，自己合官禄，巳申合，印受制。印受制，合不住官就离婚。丁酉年，丁从午透，大运癸制丁，巳酉拱金，酉可以生癸，不会离婚。戊戌年，官在运上见禄，双戊合癸，卯戌合，合动夫官，官太旺变鬼，反克身，离婚。卯申合，月上正印合入夫官，命主作风正派。为什么是老公出轨？丙从午出，也是夫的座支，代表老公。丙申，座下申是丙的财，申中有壬水，必出轨。再看大运癸巳，巳申合，夫禄合月申，运与先天命局都表达同样意思，离婚后马上结婚，前夫与命主同学结婚。万般皆是命！印被丙财盖头，又被寅冲，为什么是老师吃皇粮？各位易友可以自己思考！子平术学习需要找到志同道合的易友，一起实战研究。大龙研究三十余载，欢迎交流学习。
8,10,3,9,4,2,7,11,1,乾辛酉丙申丁丑庚戌,1,此造是莲生老师的一手八字，感谢莲生老师提供一手八字供大龙盲派八字实战打擂。反馈详尽，节选部分，上面图片有全部反馈。命主初中毕业，出生家境普通，一婚离异，跟着大哥做事情，不是正经工作之人，壬辰年打人，己亥年被判入狱，癸卯年出狱。乾：辛酉?丙申?丁丑?庚戌（空申酉）胎元：丁亥??命宫：丁酉大运：乙未8?甲午?癸巳?壬辰?辛卯?庚寅?己丑丁丑日元生丙申月，财星当令，月上财透劫财，天干比却合财，地支戌丑刑。此造特殊，有两种可能，一顺着财官走，二财重身轻。按大龙盲派秘传，查其气的强弱，立秋后二十天出生，湖北人，比劫得地，火有余气，财重身轻。当我得出此结论，我脑子里突然就有命主会有牢狱的念头。乙未运，印星透出，助身，看差有学历。其实乙未运，印星以入墓论，直断初中。看层次，挣钱发财看20多，癸巳运，比却见根，可以发财。可惜癸巳合，杀合比却的禄，也是财来财往，断其温饱。微信群里着重语音分享了牢狱，语音的气场与文字分享当然不一样，欢迎有志与命理学习研究的易友进群交流，当然只知获得不知付出的不要来，八字实战群建群一年多，清退差不多三百人。问己亥，癸卯年何事？观其在壬辰运，壬从申中出，丁壬合，辰冲戌，申辰拱子水，命局驳杂，大凶之兆。流年己亥，食神合官，大运官星见根。食神虚透，合不住官，牢狱。癸卯年，杀印相生卯戌合，合动比却库，戌刑丑，制丑中杀，出狱。大龙盲派以理服人，癸巳运壬辰年犯事，照样没事，命理学的因果报应，必须要大运引动。为什么壬辰运，不是寿尽而是牢狱？各位易友可以思考，观其后运，此造寿不长。子平术学习需要找到志同道合的易友，一起实战研究。大龙研究三十余载，欢迎交流学习。
3,5,9,5,3,5,4,10,2,坤丙辰壬辰丙辰丁酉,2,中彩票的盘，不多见，特别是一手案例。当时我断出中彩票，实事求是的讲，有些运气，命局一时运气的爆发，我不认为命盘能直接断出，当然这不是猜出来，与我当时的状态与天地感应完美契合。坤造：丙辰?壬辰?丙辰?丁酉（空子丑）胎元：癸未??命宫：壬辰大运：辛卯11 ?庚寅?己丑?戊子?丁亥丙辰日元生壬辰月，食神当令月上透七杀，年上丙辰，三辰泄身太过，辰酉合，辰中乙木坏。天干丁壬合，杀制阳刃。命局最终的力量到酉财，只能弃命从财。问丁酉年何事？断中彩票。丁酉年戊子运，杀见根比劫死绝。流年丁酉，是命局的丁酉伏到流年，丁壬合阳刃被制，阳刃劫财凶残，挣偏财断中彩票。子平术学习需要找到志同道合的易友，一起实战研究。大龙研究三十余载，欢迎交流学习。
9,9,6,10,5,1,10,2,1,乾壬申己酉戊子癸丑,2,群里实战过三关，35岁断未婚，这绝对无可能猜，因为35岁不结婚的概率极低。另外我个人建议，到处在群里发盘，想断明白的，可能性不大，到现实中找个靠谱的比较好，群里观点各有不同，绝大多数练手。乾造：壬申?己酉?戊子?癸丑（空午未）胎元：庚子? ?命宫：丁未大运：庚戌11?辛亥?壬子?癸丑戊子日元生己酉月，伤官当令月上透比劫，年上壬申，食生财。年月食伤泄身太过，好在时上丑合子，戊癸合制财。命不见官，伤官伤尽，格局清奇。断家境可以，财要制，初运行庚戌，比劫助身制财。辛亥运伤官透泄身生财，家运动荡，丙申流年，申金生财，丙辛合，印受制，这年家里财不利，石场关闭。断职业：吃皇粮。庚戌运，体旺必然有学历，戌是印库。伤官伤尽，有贵气。辛亥壬子运，行财运，命局体弱财重，大运行财，流年要配合好才能有婚，当时我一掐前面几个主要流年，差一口气，断其未婚。子平术学习需要找到志同道合的易友，一起实战研究。大龙研究三十余载，欢迎交流学习。
9,7,6,10,9,5,5,9,1,乾壬午己酉壬辰戊申,3,宋朝开始，才用四柱断命，之前有好多神算的大师案例，只有三柱算命，可想而知，这不过是后人加工过后的故事。今天两个盘，前三柱一样，时柱不一样，人生完全不一样。乾造：壬午?己酉?壬辰?戊申（空午未）? ? ? ? ? ? ? ? ? ? ? ? ? ? ? ?乙巳胎元：庚子大运：庚戌7 ?辛亥?壬子?癸丑壬辰日元生己酉月，印星当令月上透官，年上壬午比劫克财，官在午辰有根，用印化官，财要制不能旺。戊申时官杀有印化，壬在申长生，年财制化有情，一路北方运，家境千万。乙巳时伤官制官生财，财重来坏印，印受制断精神病，头脑问题，实际是脑瘫。问父会不会早亡，年上午财是生父，时上乙巳是伤官生的财，巳酉半合，与自己又与酉印发生关系，是继父，所以父应该是早亡。断07，08年水旺时，没有明确时间，反馈可能是。子平术学习需要找到志同道合的易友，一起实战研究。大龙研究三十余载，欢迎交流学习。
8,10,8,2,5,11,8,10,2,坤辛酉辛丑戊戌辛酉,1,自古以来，命理学上对女命伤官重，认为命不好。伤官重，克夫婚姻不好。古代女人不好外出工作，靠老公挣钱。现在伤官重，婚姻不好，但伤官重，一样可以发富，这有本质区别，中国男女平等，妇女一样有工作的机会。今天看一个克二夫的案例，大家参考。坤造：辛酉?辛丑?戊戌?辛酉（空辰巳）胎元：壬辰???命宫：乙未大运：壬寅6 ?癸卯?甲辰?乙巳?丙午戊戌日元生辛丑月，比劫当令月上透伤官，年时伤官座禄伏吟，土金一气，明不见财，官不见，一路南方运，财官死绝，格局混乱，贫贱。问是特殊案例，答：克夫，反馈克二个男人。伤官这么重，当然有没有可能没有婚姻？跳出红尘？当然可以。16岁行癸卯运，卯戌合官合进夫官，当然有婚，伤官见禄会有子嗣，所以这人肯定有婚姻。财官在大运流年引动，命局立不住，所以不会长久，伤官重，克必然克死。这种命格，不是离婚，是克夫。其实命理学是严谨的科学推理，我见过不少，断对不一定真的会，错是肯定错，马后炮的大师，看几句命理就知是水货。子平术学习需要找到志同道合的易友，一起实战研究。大龙研究三十余载，欢迎交流学习。
2,10,7,5,2,10,8,6,1,乾乙酉庚辰乙酉辛巳,4,千万的二代比较多见，亿万的二代不多见，并且这盘不容易看，官杀重体弱，发富，各位老师可以研究。乾造：乙酉?庚辰?乙酉?辛巳（空午未）胎元：辛未??命宫：甲申大运：己卯10?戊寅?丁丑?丙子 乙亥乙酉日元生庚辰月，财当令月上透官，年上乙酉双乙合官，时上辛巳，伤官制杀。地支辰酉合，财生官杀旺。体弱官杀重，命局制化有情。问家境，学历？答：小富，本科以辰为财为父，官泄身太过，命中有巳生，行东方运，木生火旺必然发富贵，实际是亿万富翁二代。伤官制杀体弱，制住杀有学历，行东方运扶身。现在还在读书，断本科反馈是重本。子平术学习需要找到志同道合的易友，一起实战研究。大龙研究三十余载，欢迎交流学习。
10,10,1,3,1,3,3,3,1,乾癸酉甲寅甲寅丙寅,2,坤沙风光过，自封过总统。幼年丧母，1961年，开始建立大型武装。1967年，他控制了“金三角”70%的毒品生产和大部分贩运业务，因此，他曾得意地自称为“鸦片大王”。这个盘是他手下一个人，会命理拿到的一手盘，后面返回云南。乾造：癸酉?甲寅?甲寅?丙寅（空子丑）胎元：乙巳??命宫：乙丑大运：癸丑5?壬子?辛亥?庚戌?己酉?戊申?丁未?丙午甲寅日元生甲寅月，月上见禄透比劫，时上丙寅。禄生食旺，丙暗合辛合官，年上癸酉官见禄，有贵气。此造用食伤生财，不见财，只能用丙合辛为官。原生家庭虽是莱莫部落土司职位，但是没落。癸水生五个木，泄身太过，夭命，估计是戊寅年。职业：丙寅食座马，奔波走动象断武贵，实际是缅甸军阀。己酉年何事？甲寅年何事？答：牢狱，出狱。庚戌运己酉年，七杀透以命局酉为根克身，丙在戌为入墓，无力制杀，流年引动七杀易出问题。己酉年，天干双甲争合己财，财带官来，酉绝寅禄，牢狱。甲寅年，比劫助身，丙火长生制大运七杀，出狱。丙午运丁亥年去世，应了命书一句木不南奔。子平术学习需要找到志同道合的易友，一起实战研究。大龙研究三十余载，欢迎交流学习。
4,4,3,7,2,4,1,9,1,乾丁卯丙午乙卯甲申,2,岁运并临在命书上介绍应凶的多，实际上这么多人，总有人在岁运并临应凶，破财，父母，妻，子女亡，有些是命主自己亡。但这不是岁运并临凶，只是书上讲，用者不明所以，解释不清出凶命理，用一句岁运并临，万事大吉，听者从书中的知识也是应凶。但是岁运并临与命局组合好，一样发富发贵，希望对岁运并临有个清醒认识。乾造：丁卯?丙午?乙卯?甲申（空子丑）胎元：丁酉??命宫：壬寅大运：乙巳11 甲辰 癸卯乙卯日元生丙午月，食神当令月上透伤官，年上丁卯禄生食，食伤生财，午中有己。午月的木，火炎木枯，虽见双禄，但不喜官。月上伤官透制官，体不弱，官有制，格局不乱，不见印，层次降低。问职业，癸卯？答：老师，癸卯伤病。甲木比劫生的伤官，去制官，事业编是老师。癸卯运癸卯年，岁运并临，卯午破，午中己被克，财是养命之源，财尽亡。命局双禄，饱禄堂再见禄癸卯运癸卯年，是大凶。禄虽好，实际命中禄不宜多，多了贫。子平术学习需要找到志同道合的易友，一起实战研究。大龙研究三十余载，欢迎交流学习。
1,3,2,12,3,3,6,12,2,坤甲寅乙亥丙寅己亥,2,对镜看青鸾，光阴不再来。折梅逢驿使，寄与陇头人。这是一位老师说10年给一人批命用铁板神数终身断批的，到十几年后才明白什么意思。后面发了一坤造。这引起我兴趣，一般群里，除非特殊八字，否则不参与。主要的反馈：高中前学习前几，高二姐姐嫁人因彩礼与家里闹一二年，学习差了。考大学复读4年，考上大专。壬午年毕业，最后一届分配当老师。高中解决一有钱同学追求，被欺压，中间休学一年。戊子年结婚离婚，打一胎，二个月。父亲对命主不好，不让读书，母亲贷款让她读。戊子年可能因为彩礼还是什么，离婚，恨上母亲。后面反而对父亲好。丙申年二婚，老公普通公务员，功能不行，做了几次试管没成功，庚子怀了流了，壬寅没成功。母亲20年十月亡。坤：甲寅?乙亥?丙寅?己亥（空戌亥）胎元：丙寅??命宫：己巳大运：甲戌6?癸酉?壬申?辛未?庚午?癸巳丙寅日元生乙亥月，杀星当令，月上透印，天干甲己合，地支寅亥合。用印合伤，杀印相生。这种八字肯定有文化，胎元丙寅，命宫己巳，都能助身，基本是吃皇粮。问层次，婚姻，职业，断普通，克夫，老师。反馈对，当时断的截图没有了。观其行运，一路西方运，财来坏印。层次不会高，原命贵在不见财，命局印没有坏，虽西方运，冲克印，好在杀可以泄下。甲寅是大的木，合空杀，在年就是讲台，所以是老师。克夫，夫宫寅，合月时两杀，杀星逢空，寅杀病地，必然克夫。命中一子，戊子年打了，可惜。第一老公家庭经济好些，第二个家里穷，普通公务员。正常来讲，女命看官，看子，一个家庭没有孩子，还是夫妻双方想要而不得，还是很痛苦。提供八字老师认为铁板神数很准，光阴不再来就是年记大了，寄与陇头人指20年母亡后想念母亲。不过我个人认为很牵强，但尊重别人看法。子平术学习需要找到志同道合的易友，一起实战研究。大龙研究三十余载，欢迎交流学习。
6,2,8,8,6,8,5,5,2,坤己丑辛未己未戊辰,1,这是转发自小红书的盘，没有具体来源与其它信息，可以确定的是，反馈与命盘相符合，大家可以参考。坤造：己丑?辛未?己未?戊辰（空戌亥）胎元：壬戌??命宫：庚午大运：壬申?癸酉?甲戌己未日元生辛未月，比肩当令月上透食，年时四土，七土一金，命局偏枯，必然有情况，这种盘还小，婚姻不会理想。问有什么特别的？答：脑子有病，反馈精神病。土重以食伤金为用，月上透金本是喜。可惜辛未，未中有丁，枭印夺食。支双未冲丑，丑中辛根坏，食伤受制，食伤是思想，脑子有病。食神制杀，杀入未墓，中年行北方财运，比劫克财，这命克夫。子平术学习需要找到志同道合的易友，一起实战研究。大龙研究三十余载，欢迎交流学习。
6,4,8,8,3,3,2,8,1,乾己卯辛未丙寅乙未,2,学历有用印，有用食伤看。命局是八个字的组合，根据八字的组合，结合大运断学历，我个人认为是正道。乾造：己卯?辛未?丙寅?乙未（空戌亥）胎元：壬戌??命宫：乙卯大运：庚午2 ?己巳?戊辰?丁卯丙寅日元生辛未月，伤官当令月上透财，未从月上伏吟到时，年上透己，伤官泄身太过。伤官生财，月上透辛财，财来坏印。好在丙辛合自己合财，座印时上透印，克年上伤官己土。问学历？答：研究生，反馈是。伤官配印，忌财重。一路南方运，克财。地支印全见根，聪慧学习好，所以断研究生。子平术学习需要找到志同道合的易友，一起实战研究。大龙研究三十余载，欢迎交流学习。
3,7,7,3,7,9,3,11,2,坤丙午庚寅庚申丙戌,1,这是二个坤命的四同八字，一个石女一个天生无阴道，四同的盘，大的趋势类同。尽管有的四同盘，可能完全不一样，但这是小概率事情，今天这个四同大家可以参考。坤造：丙午?庚寅?庚申?丙戌（空子丑）胎元：辛巳??命宫：壬辰大运：己丑8?戊子?丁亥?丙戌?乙酉庚申日元生庚寅月，财星当令月上透比肩，死绝之地。年时透杀，杀在年月时见根，寅申冲，地支禄被冲，天干杀克身，都是显示出身受制，人生中必有不全。问有什么病？答：子宫癌。反馈是一个是石女，一个是无子宫。这个盘总体而言，禄坏七杀攻身，命局失衡。具体什么病，还要细看命局。地支寅午戌三合，时上丙戌杀生印。寅申冲，申中壬水坏，杀克身又生戌土，相对枭印重，食受伤最重。壬是食神代表女性的生殖部位，断的子宫癌。反馈石女无子宫，非常符合。子平术学习需要找到志同道合的易友，一起实战研究。大龙研究三十余载，欢迎交流学习。
1,9,3,1,8,6,10,6,1,乾甲申丙子辛巳癸巳,2,这是在玄明易馆发的盘，此人水平不高，自己建个小群，不知天高地厚，断错了硬扯自己对。一个财坏印很明显的盘，断公职，水平太次。要挑战我，我同意后，将我踢了，真一个F物。乾造：甲申?丙子?辛巳?癸巳（空申酉）胎元：丁卯??命宫：乙亥大运：丁丑4?戊寅?己卯?庚辰辛巳日元生丙子月，食神当令月上透官，虽食泄身，好在年上申金见根。天干丙辛合官，时上癸巳合，地支巳申合，意在官。问职业？答：吃皇粮。反馈公务员。问职业，先看学历，丁丑运，丑是比劫库，又是印，辛见根，学业肯定好。戊寅运考大学，戊在寅长生，巳中见禄，天干财生官，官生印，印生身，顺生到身，重本。有学历，可以考公。流年乙巳，刚好毕业，问工作，巳申合，合官，大运戊在巳见禄化官生身，可以考公，断吃皇粮。子平术学习需要找到志同道合的易友，一起实战研究。大龙研究三十余载，欢迎交流学习。
7,9,7,5,4,6,9,1,1,乾庚申庚辰丁巳壬子,2,至善老师提供的一手案例，老师自己开馆执业，研究命理很认真，上次群里有个假反馈，立亥踢了，治群严谨。不过他时间很紧，用了一个群管，是个SB，名字我忘记了。乾造：庚申?庚辰?丁巳?壬子（空子丑）胎元：辛未??命宫：己丑大运：辛巳8 ?壬午?癸未?甲申?乙酉丁巳日元生庚辰月，伤官当令月上透财，年上庚申时上壬子，财生官重，体弱无疑。好在自座劫财助身，生伤合申财，命局不见明印生身，层次不高，会在财上吃亏。自座比劫，为人固执，谁都不服。丁巳日本身克妻而命局财重，夫妻关系不会好，离婚之象。初运南方，虽不见印，但比劫助身制财，高中学历。80年的高中，按现在2本有。财要制，行南方运，制财父是事业单位，当时的家境，这种人家算好的。癸未运杀透，虽是虚透，但命中杀有强根，三会杀。流年引动，会破财。壬辰年，丁壬合官受克，投资破财。丙申丁酉年，比劫克财又投资，大运不扶身，无印只能是乱投资，又破财。命局财重生官，喜印不见印，用比劫克财，只能老老实实打工，才能守住财，否则注定失败，这才是算命的意义，趋吉避凶。子平术学习需要找到志同道合的易友，一起实战研究。大龙研究三十余载，欢迎交流学习。
1,9,9,9,1,9,5,5,1,乾甲申壬申甲申戊辰,4,这是DK老师身边的人，一手八字，真正的亿元富二代，现在各群随便很多亿万富翁，真假不知，而有些盘按理是普通人，与富贵无缘。乾造：甲申?壬申?甲申?戊辰（空午未）胎元：癸亥??命宫：己巳大运：癸酉3?甲戌?乙亥?丙子甲申日元生甲申月，七杀当令月上透印，申年从年伏吟到日，杀重甲木绝地，妙在月上壬印从申中透现，化杀生身。忌财，时上戊辰财坏印，年上比劫助身制财，生化有情。问家境学历？答：富二代，留学。印为生身之本，喜印生身，印在月上化杀生身，必然是富贵之家。是富还是贵？印有财杂，水不清，浊富。学历看印，印座长生，一路北方运扶印，必然有学历。壬印座马星，后面必然留学。子平术学习需要找到志同道合的易友，一起实战研究。大龙研究三十余载，欢迎交流学习。
8,6,4,10,2,10,2,10,1,乾辛巳丁酉乙酉乙酉,4,这是正月初六在群里实断，25岁亿万富翁，一手八字。易友的表哥，真实可靠。古镇一嘴骗子吹牛的公开假算命，全是在它自己群里，用小号托，逼人假反馈的把戏。有看过古镇一嘴骗子在其它群公开算命？乾造：辛巳?丁酉?乙酉?乙酉（空午未）胎元：戊子??命宫：己亥大运：丙申5??乙未?甲午?癸巳?壬辰乙酉日元生丁酉月，七杀当令月上透食，七杀从月伏吟到日到时，七杀强旺。乙木虚透伏到时，月上食神丁火制杀，丁在酉上长生，年上辛巳，伤官制杀，丁火在巳上见根，食神有力，命中不见印，食伤清纯有情。断其富贵，上亿，家境富。反馈对。很多断普通，因为认为巳酉半会金局，这就是不入流的书房派。断祖业，看年柱，伤官制杀，一路南方运，食伤旺地，制尽七杀，必发富。反馈父是金属加工老板。当前甲午运，比劫生食神，丁火大运见禄，食神制杀有力，开十多家奶茶店，年入八百万。25岁年入八百万，难得一见的好盘。这里有巳酉半合金局，记住不要看巳酉就半合，合有合的条件，总不能见个女的就说怀孕。子平术学习需要找到志同道合的易友，一起实战研究。大龙研究三十余载，欢迎交流学习。
6,6,6,6,5,5,5,7,1,乾己巳己巳戊辰戊午,2,这是锦老师提供的一手八字，命主是他朋友，真实可靠。从亿万到负债4千万，人生大起大落，这是我见过极少的案例，各位易友请珍惜这样的一手案例。乾造：己巳?己巳?戊辰?戊午（空戌亥）胎元：庚申??命宫：庚午大运：戊辰2?丁卯?丙寅?乙丑?甲子?癸亥戊辰日元生己巳月，印当令月上透劫财，天干四土，比劫一片。地支三火一土，巳是戊的禄，午是己的禄，双己是干头刃，克财严重。命局三火五火，印当令，只能化印为用。命局偏枯，多成多败。问家运，层次？答：戊辰运好，丁卯丙寅运差，千万。实际是从丙寅运19年开始变差，20年破产父亡。从亿万到负债4千万，人生如戏。这钱命主还不了，不会还，但实际财富是另一回事。财官不见，命盘偏枯，我从象法上断的。座下辰中有癸乙，财官在自己这里，所以有富，但亿万承载不了，终是一场空。化印己土劫财分印，是问题，大运引动己土要破财。丙寅运，寅午半合，己旺克财，流年己亥，比劫夺财，破财开始。庚子年应该有部分在丙寅运，丙克庚，子午冲，冲了阳刃破大财，破产家破父亡。子平术学习需要找到志同道合的易友，一起实战研究。大龙研究三十余载，欢迎交流学习。
3,1,8,2,3,1,10,6,1,乾丙子辛丑丙子癸巳,3,冷老师认识很多年，很聪明，高学历，很正直，这是他一个打游戏的朋友，一手的八字，反馈有千万，他不太信。这个盘，初看是容易看走眼，今天发出来，大家一起研究。乾造：丙子?辛丑?丙子?癸巳（空申酉）胎元：壬寅??命宫：己亥大运：壬寅2?癸卯?甲辰?乙巳?丙午丙子日元生辛丑月，伤官当令月上透财，丙辛合子丑合，合财制官。年上丙子伏吟到日，双子合丑，地支官重，丑有化水之象。时上癸巳，时禄归时，巳生丑，加强伤官的力量，命局生机盎然，即制了水，又暖了局。问学历？层次？答：本硕小富，小富指千万。命主反馈是千万，冷老师有些不信。日禄归时，忌见官杀重，好在伤官制官，伤官靠时上的禄星巳为生，所以命局中的巳火不能受伤。读书时行东方运，印来化官生禄，本科。目前行甲辰运，天干印生身，地支辰墓子水，官有制，官当财，千万级。子平术学习需要找到志同道合的易友，一起实战研究。大龙研究三十余载，欢迎交流学习。
7,9,6,4,1,5,2,2,1,乾庚申己卯甲辰乙丑,4,在长期的预测实践中，我发现一个规律：普通人的命盘，反而很难。取用不定，这样行，那样也可以。喜金行金运，没什么大发展，只是表现在人生的顺利。富贵的命盘，格局清纯，喜印命局不见财，或者比劫能护印，大运一路扶印比。相对而言，富贵的盘，反而简单。今天看一群里实战，羊刃架杀，发亿万。乾造：庚申?己卯?甲辰?乙丑（空寅卯）胎元：庚午??命宫：戊子大运：庚辰2?辛巳?壬午?癸未?甲申甲辰日元生己卯月，羊刃当令月上透财，年上庚申，杀天地一气，时上乙丑，乙庚合，羊刃架杀。甲己合财，自座印库通根，日元强旺。合财合官，财官越强，财富越大。层次？A?无业游民，光棍B?亿万富翁C?富人小区，保安队长D?处级干部初运南方，食伤泄秀，读书必然成功，本科至少。AC排除。是富还是贵？这细微之处，是真功夫。天干甲己合，乙庚合，一合财，一合官。乙从卯从辰中出，如只从辰中出，可以代表自己，现在从卯中出，必然代表别人。甲己合实际代表的是命主本人的想法，求财，所以发富亿万。对此盘有思考，不同思路，欢迎在评论区交流。子平术学习需要找到志同道合的易友，一起实战研究。大龙研究三十余载，欢迎交流学习。
10,10,1,1,3,1,5,1,1,乾癸酉甲子丙子戊子,2,这个易友认识好多年了，开始是在三奇群，因为人生预测，析梦那个女骗子，我们认识。不知还有那位易位能记得这个盘，有知道的可以留言。正月初四，问我他遇到什么事？乾造：癸酉?甲子?丙子?戊子（空申酉）胎元：乙卯??命宫：丁巳大运：癸亥6?壬戌?辛酉?庚申丙子日元生甲子月，官星当令月上透印，年上癸酉，地支三子伏吟，财生官重。天干官印相生，这个印怎样定义？决定命局层次，有兴趣的易友可以断下。我五六年前断过会晚婚，捞偏门，现在应验。丙午年庚寅月问我遇到什么事？命局有个很明显的象，地支太阴，酉金生三子，酉是阴金，子是阴水，阴中之阴，必然是G。辛酉运酉到，流年丙午，子午冲引动子水，G气发动。庚寅月财坏印，印为护身之本，断遇G。给这易友整懵，没见过这样准的，有点不信。子平术学习需要找到志同道合的易友，一起实战研究。大龙研究三十余载，欢迎交流学习。
4,2,10,2,3,1,9,5,2,坤丁丑癸丑丙子壬辰,3,?刘玥1999年出生于北京，2016年考入清华大学后留学英国，从象牙塔到P站女王，她以艺名SpicyGum进入成人内容行业，凭借清纯学霸形象与大胆内容的强烈反差迅速走红，成为P站上最具影响力的华人女优之一。群里发的八字，后面反馈是她，今天从命理视角，解析八字里到底藏着哪些逆天密码？坤造：丁丑?癸丑?丙子?壬辰（空申酉）胎元：甲辰??命宫：辛亥大运：甲寅4?乙卯?丙辰?丁巳?戊午丙子日元生癸丑月，伤官当令月上透官，丑月火胎地无力，座官天干官杀混杂，官在年月日时地支有根，官强。年上丁是比劫合杀，生伤官合官。命中意向在制官，辰中乙本，天干杀来生，印不透，伤官为体，思想另类，不安常规出牌。问学历与职业？答：硕士，小姐。早年行东方运，印星化官生身，克伤官乱来的本性，学霸本科考上清华硕士再留学。职业：官在年月日时地支有根，天干透两官杀，到处是男人，伤官制官，官为自己用，伤官是女人的下体，女优。伤官这么重，不可能有裹脚布的传统贞洁观，很庆幸生在新社会，不然浸猪笼。丙辰运，比劫生食神制杀，辰墓官印退气，无所顾忌，20年开始进入成人视频网站。乙巳年印生禄制尽官星，大火。子平术学习需要找到志同道合的易友，一起实战研究。大龙研究三十余载，欢迎交流学习。
9,3,10,2,6,2,5,5,2,坤壬寅癸丑己丑戊辰,3,这是一手盘，真实可靠，家人想知道后面上学怎样。母亲42岁生，县里副书记，后面沟通，千万应该有，当官的好多资产不好公开。富二代的盘网上多见，官二代少见，发出来大家学习。坤造：壬寅?癸丑?己丑?戊辰（空午未）胎元：甲辰??命宫：壬子大运：壬子9?辛亥?庚戌?己酉?戊申己丑日元生癸丑月，比劫当令月上透财，时上戊辰，比劫一片。丑月水有刚进气，癸水壬水，是虚透，这样一看，这盘偏枯，财被克。胎元甲辰，年上寅中见禄，喜官克比劫克财，在娘胎时有生机，命宫壬子财旺，气势反转。问家境，学历？2022年生，学历不可能反馈，空断马后炮是古镇一嘴骗子做的事，我断了家境，官二代千万，反馈是。命不见印，官寅当印，丑月官进气，胎元透，财来生官，官必发用，家庭中有官贵。官不当令，财断千万，先反馈大几百万，后面细问，县级副书记，千万应该有。再反馈，有些资产不便细讲，千万会有。这里要注意，断命要以命为主，不能以反馈为主，如不细问，会是大几百万层次。子平术学习需要找到志同道合的易友，一起实战研究。大龙研究三十余载，欢迎交流学习。
7,9,2,10,5,9,3,5,1,乾庚申乙酉戊申丙辰,2,见多了书房派，算命讲出一大堆道理，真正算命时，什么断不出。这些人特别在反馈后，非常厉害，讲一堆理论。此命满盘食伤，无官星，为伤官伤尽。时柱丙坐辰，为忌神有制。按命书上说的，伤官伤尽反成官。食伤为用，以技艺求财。也有商人，当官的。理论这样讲也对，那样讲不错，真正算命在命局本身的制化，只有在命局本身下功夫，才能如大龙盲派，所断如所见。乾造：庚申?乙酉?戊申?丙辰（空寅卯）胎元：丙子??命宫：庚辰大运：丙戌2?丁亥?戊子?己丑?庚寅?辛卯戊申日元生乙酉月，伤官当令月上透官，年上庚申食神天地一气，坐下申金食神，食旺太旺，泄身太过。食伤重可以考虑顺着食伤走，还要看其它配置。时上丙辰，印来生身，月上官星乙木，被庚金合制，丙克庚，官没坏尽来生印，总体来分析，还是官印相生。问22年如何？断：升职。官印相生出贵，看下读书时行丁亥运丁虚透，亥中藏甲，湿木虽不生火，但命中有丙，印有生机，有学历。工作时行戊子运，比劫克财有贵气。庚寅运壬寅年，寅申冲，大运流年双冲申，能冲去申金，以吉论，冲不了论凶。庚寅运丙火长生，庚在寅上虚透，被丙火正克。壬寅年寅木到壬财生官，冲尽申金，必然利财官。子平术学习需要找到志同道合的易友，一起实战研究。大龙研究三十余载，欢迎交流学习。
2,2,6,2,9,9,1,5,1,乾乙丑己丑壬申甲辰,2,拿到一个命盘，盲断实际是最难，有无数可能的职业，而四个选项，具体到职业，选择相对容易很多，能发现其中的逻辑，很快有答案。反馈如下，很详细：公职警察，派出所所长，父亲有能力，家里有关系，所有前期铺垫，都是家里做的，当警察吃了不少苦，浑身上下都有伤疤。层次，小康婚姻，一婚，有情人，己亥年出轨，闹腾了一阵，没离，壬寅年一直想离，想从新找一个对像。甲午年，吉，结婚。戊戌年，吉，升职副所长，辛丑年，吉，升任所长乾造：乙丑?己丑?壬申?甲辰（空戌亥）胎元：庚辰??命宫：丁亥大运：戊子9?丁亥?丙戌?乙酉?甲申壬申日元生乙酉月，官星当令月上透官，年时是官杀，座下正印化官生身。天干食伤制官制杀，天干地支一致，制官。忌财不见财，命局清纯。层次?A无业游民，无车无房，小混混B派出所所长，小康C小学老师，温饱D开工厂的老板，几千万资产初运北方，扶身生食伤，食伤代表智慧，制官制杀，应该有学历。A不可能。从北方运往西方运，喜用不悖，必然发富贵。C不可能。BD二选一，甲己合官，合官得官，这是所长。另外如果你会看财富层次，小庚与几千万差很多，也能判断。 ?子平术学习需要找到志同道合的易友，一起实战研究。大龙研究三十余载，欢迎交流学习。
5,11,8,10,3,9,1,7,1,乾戊戌辛酉丙申甲午,1,大龙盲派八字实战群，每天的擂题由群里易友轮流出，打擂当天晚上由出题老师直接反馈，答案只有出题老师自己知道。上榜的老师，剖析易理，分享经验。大龙盲派八字实战群，玩的就是公平公正公开，易学圈子不大，相信很多易友听说过，期待能在易学道路相向前行。此造是刘八卦老师的邻居，感谢刘老师提供一手八字，下面是主要反馈：1学业小学三年(父是解放前教私塾的，文革打成右派坏分子69年退学，兄姐4人命主最小一兄抱养别人一姐嫁乐山，一兄去填房2贫困五保户3职业农民，4未婚5无子女62年得肺炎高烧三天被一土医生用炙法，射火救了一命，从此头脑有问题，但能把黑白电视和收音机修好，会嫁接果树，，78父伤摔伤，80年父去世，09年母去世，2019年政府给两间半房，现政府一月给800多的生活费，不交医保看病不出钱乾造：戊戌?辛酉?丙申?甲午（空辰巳）胎元：壬子??命宫：甲寅大运：壬戌9?癸亥?甲子?乙丑?丙寅?丁卯丙申日元生辛酉月，财星当令月上透财，座财支三合财局，财重。年上戊戌，食神生财，财无制。时上甲午，印生阳刃，阳刃克财，能制住财，就有富，制不住贫。阳刃没有坏，甲木印被月上的财克坏，甲在酉月死绝之地，年月日时，印无法立足，贫。财重无制，光棍。问辛酉运壬寅年，寅申冲寅是命局中的甲，局中死绝，再冲申必然被克制。天干壬是七杀制丙火，断眼克手脚残。实际是生病脑子出问题，甲是印，主智慧。最后一问是问19年己亥，我答题是以为编错，按19年答。丁卯运己亥年，大运比劫助身，卯申合印能得到印。流年己亥，官来生印，结合前面，断吉吃低保，反馈政府给办低保免费医疗，还给盖两间房。子平术学习需要找到志同道合的易友，一起实战研究。大龙研究三十余载，欢迎交流学习。
3,3,7,3,2,10,7,5,1,乾丙寅庚寅乙酉庚辰,2,当时我发公众号文章《派出所所长，伤官制官》，易友发一个盘，他认为伤官制住官星，发贵。我只看一眼，就知道，这官制不住，必然无贵。当然这盘可能是他自己的盘，和多数人一样，看到好的格局，与自己类似，总会套好的事。乾造：丙寅?庚寅?乙酉?庚辰（空午未）胎元：辛巳??命宫：己亥大运：辛卯8?壬辰?癸巳?甲午?乙未乙酉日元生庚寅月，比劫当令月上透官，双虎从年伏吟到月，身强体旺。乙庚合官座酉杀，年上丙寅，伤官座长身克官，官能克住有贵，克不住，无贵。8岁行辛卯运，正是读书时，要制官，丙辛合，官反而无制，学历不高，反馈是初中。层次降低，因为发贵，多数都要有高学历，又是86年生人壬辰运，印克伤官，辰酉合，命局中的官被加强，用伤官伤官被制，官应制大运反而生，不可能发贵。只看一眼秒断无贵，反馈是个辅警。子平术学习需要找到志同道合的易友，一起实战研究。大龙研究三十余载，欢迎交流学习。
1,9,3,1,5,3,4,6,2,坤甲申丙子戊寅丁巳,2,锦老师提供的一手盘，反馈遇邪、后面加了命主本人，得到更多信息。命主小时候经常会看到不干净东西，前两年还在桥上遇到女飘飘，然后会到梦里，产生对话。今天将盘发出来，一手真实可靠，大家学习。坤造：甲申?丙子?戊寅?丁巳（空申酉）胎元：丁卯??命宫：丙子大运：乙亥7?甲戌?癸酉?壬申戊寅日元生丙子月，财星当令月上透印，年上甲申食神生财，财星强旺。自座七杀，透在年上财旺七杀强。有杀先论杀，七杀克身，好在丙印在月，时上丁巳，有病有药，初看很好的命。再看地支寅巳申三刑，子月巳绝，巳是印，又是禄，三刑刑坏，印坏格局破坏。问乙巳年甲申月何事？好多答死亡，命中财坏印，要见大凶，但不至于死。反馈是遇邪。甲戌年乙巳年甲申月，大运甲透杀攻身，戊在戌月入墓，原命戊座长生，归禄。戊在戌以根论，虽凶不会亡。命书讲，官杀重了是鬼，不是夺命就是劫财。这个命局，归禄有根，三刑体显在命主，容易遇邪，与命符合。子平术学习需要找到志同道合的易友，一起实战研究。大龙研究三十余载，欢迎交流学习。
4,2,2,6,4,6,2,6,2,坤丁丑乙巳丁巳乙巳,2,在群里看到这样偏枯混乱的盘，我喜欢参断，如上图。因为偏枯，取用不定，主要情况如下：温饱，三本，企业电力公司一婚一女乙巳结婚生女，2017：生病，2021：事业财运好有一姐，自己双胞，另一是哥，父母双全，父高血压，20毕业工作。21年开始，事业财运好。24年农历9月订婚，25年正月22，2月19结婚，同年生女。坤造：丁丑?乙巳?丁巳?乙巳（空子丑）胎元：丙申??命宫：丁未大运：丙午8?丁未?戊申?己酉丁巳日元生乙巳月，比劫当令月上透印，巳火从月日时伏吟，月时两层印星生，比劫一片成势，刑克六亲。年上丁丑，丑中辛为父，丑生命无刑冲，父没有大问题。命不见财官，丁巳日官星在夫宫死绝，将来婚姻老公很可能有问题。断家境一般，学历二本左右，25年结婚。喜财不见财，以食神当财，丙午运穿丑，财富一般。忌印印双透无制，丁未运高考，未是印库，食神化比劫，学历不好，实际三本。命不见官，巳中藏庚，以财为夫。丁未运，未冲丑，有花无果。戊申运，伤官生财，乙巳流年，巳申合财，结婚之象。子平术学习需要找到志同道合的易友，一起实战研究。大龙研究三十余载，欢迎交流学习。
10,12,7,9,1,11,1,11,1,乾癸亥庚申甲戌甲戌,4,此造是朱老师的儿子八字，朱老师是专业命理师，实战经验丰富，与我之前在多个群里参断八字，彼此对双方的命理水平都很了解，朱老师年事高，后面不打擂，我们联系就少了。2020年，朱老师爱子心切，让我帮看下其子何年升正厅。结合八字，断了其祖坟，反馈对。以八字来看，壬寅年升正厅，可能性很大。期间多次跟进过，后面也忘记此事，近日想起，问到反馈，壬寅年丑月其子升了正厅。八字命理，遇到高手就是科学，遇到骗子就是迷信。乾：癸亥?庚申?甲戌?甲戌（空申酉）胎元：辛亥?命宫：辛亥大运：己未2?戊午?丁 巳丙辰?乙卯?甲寅?癸丑甲戌日元生庚申月，杀星当令，月上透庚，庚申是白虎，喜年上印化杀。甲戌伏吟到时，时上甲木助身，忌财坏印，财不旺，自己克财，月上申杀化财生印。更妙者，胎元，命宫都是辛亥，自己长生，印星得地，的确是大富大贵之造。37岁已经是副厅级，前途不可限量。丙辰运，问何年升正厅？大运丙辰，食神生财，财生杀。食神制杀，原命以印化杀，所以印透去食最好。支财生杀为忌，以比劫去财为喜。对照流年，壬寅年最是合适。前几日朱老师找我，了解一些情况。没想到有人那他儿子八字找到他，说是交流一下。我估计是看到我公众号文章，刚好认出是朱老师头象，于是找朱老师求证八字的准确性。另外还有易友私下与我交流，发了这个八字，认为是假反馈。83年的正厅，前途不可限量，是不是真的八字，真反馈，我心知肚明。说实话，我自己遇到这种人，也不会解释，也不会争辩。看不出来正厅，说明命理水平不够，到处怀疑别人，说明品德修养不足，与此种人多讲一句，只会显得自己无知。也很感谢这位易友，从另一个维度证明，大龙一直踏踏实实的学习命理，研究命理，并且有一定的命理素养。子平术学习需要找到志同道合的易友，一起实战研究。大龙研究三十余载，欢迎交流学习。
1,7,10,10,8,8,7,3,1,乾甲午癸酉辛未庚寅,2,上面是一位缘主的反馈与认可，与古镇一嘴骗子自吹自擂，用托假算命，真反馈就踢有本质区别。关于寿元有好多种断法，有食伤，印为寿元，这是主流看法，实际上，财，官，比劫都可以看寿元，不同组合的命盘，取用不一样。下面的案例是千里马老师提供的一手案例，真实可靠，今天与大家共同学习。乾造：甲午?癸酉?辛未?庚寅（空戌亥）胎元：甲子??命宫：庚午大运：甲戌10?乙亥?丙子?丁丑?戊寅?己卯?庚辰辛未日元生癸酉月，禄元当令，上透癸食，时上庚寅，比劫生食，食神生年上的财。年上甲午，财生杀，寅午半合杀，命宫座杀，杀破禄，寿不长。地支寅午合，午未合，实际未印有力，食神支无根，只能靠自己挣小钱。问层次，寿元？中年行北方运，食伤见根，但命局食伤无力，虽行运亦无发迹。晚年行财虽喜，但官无制，有点小财，断温饱。论寿元，月上禄坏，时柱庚寅，比劫来克财，财坏印，所以庚不能坏。戊寅运，戊从寅中出，也是时上的寅，生庚，没有问题。己卯运，卯午破，己印禄元坏，财坏印，庚也坏。癸卯年交运庚辰运，庚在胎养之地，也是投胎之象。男怕交运，气驳。卯午破，坏印禄。甲辰年，财坏印，断禄尽。实际癸卯重病，乙巳年不禄。子平术学习需要找到志同道合的易友，一起实战研究。大龙研究三十余载，欢迎交流学习。
5,9,2,2,3,11,6,2,2,坤戊申乙丑丙戌己丑,2,这是一手案例，出题老师有些不确定的反馈，实时问到命主反馈，这样真实可靠的案例，有研究价值。下面是主要细节反馈：职业：刚开始国企，后面跟老公创业做老板。层次：千万。婚姻：二婚，94年一婚，丙申年夫亡，庚子年左右二婚。03?长子意外去世。16?配偶意外去世。08年三女儿意外去世03年之后开始发财。父母健全现在身体都还好。盲派有句口诀，女带伤官福不全，可以参考之前案例：坤造：戊申?乙丑?丙戌?己丑（空午未）胎元：丙辰??命宫：乙卯大运：甲子3 ?癸亥?壬戌?辛酉?庚申丙戌日元生乙丑月，伤官当令月上透印，天干食伤混杂，地支三土泄身，双丑刑戌坏根，戌土只有泄火而不能助身。月上乙木印星，地支无根，财重自身难保，无力生丙，年上戊申伤官生财，丙火只能弃命顺食伤生财。丙火顺着食伤，早年行北方运克身，必然读书很优秀，癸亥运读书时，官克丙，读个大专没问题。行官运，印有生毕业包分配，到国企。33行辛酉财运，财来坏印下海经商，按命相看庚辰年会下海，发财在05年乙酉，制印得财。03年癸未，丑戌未三刑，命中丑刑戌，子孙星被刑坏，流年三刑又冲丑子孙宫，宫星同动是应期。结婚流年看大运，壬戌运夫宫在大运，代表结婚。甲戌流年，印化杀代表结婚证，结婚。命中申中壬水是夫，大运庚申，申到夫亡。丙申流年，丙戊带象，制申中壬水，夫亡。实战是检验命理的唯一标准，上面的截图展示了真实过程。有百分百准？不可能，命理学是模糊的精准，从一个盘，断出七大姑八大姨，那是古镇一嘴骗子的绝招，蒙几次不行，改时辰改生日，最后总要神断才结束，实在不行踢了。子平术学习需要找到志同道合的易友，一起实战研究。大龙研究三十余载，欢迎交流学习。
5,5,7,9,8,10,8,4,2,坤戊辰庚申辛酉辛卯,2,这是群里实断的一个案例，太特殊，比较隐私，打了马赛克，其它图片不放出来。好多群里公开实战的案例，没有特殊之处，我选用公众号案例，直接放出，因为是公开发在群里。当然付费测算的盘，从不外发。当时断了命主家境普通，学历不高，克夫不克父。反馈是，庚子年结婚，老公年末心梗去世。有二姐，打工。比劫重，伤官重婚姻容易出现问题：丁旭清比劫一片，弟弟不灵猫老六亲证?这是紫微骗子丁旭清的八字，与这盘前三柱相同，时柱不同，克父克妻。财当令父先亡，只因比劫一片女带伤官福不全，夫亡子亡发千万坤造：戊辰?庚申?辛酉?辛卯（空子丑）胎元：辛亥??命宫：丁巳大运：己未10?戊午?丁巳?丙辰?乙卯 甲寅?辛酉日元生庚申月，比劫当令五金二土，土金成势。命中财官无立足之地，时上辛卯，地支比劫一片克财，如财制死反求印，是好格局。财制不住，要扶财，行运相悖，命差。地支辰酉合，酉生辰中癸，辰中乙制不住，跑到时上卯，只能用食伤生财最好。断学历不高。用食伤泄秀生财，财来坏印。比劫一片克财，印无制学历不高，一路南方运，生印忌神，初中家境普通。比劫一片克父还是夫？命不见官，财当夫看。卯是财还是夫？按宫位看，卯在时，卯更多体现的是夫星。辰中乙当父，大运没有刑冲，父没问题。丁巳运官星到动婚之象，流年庚子，子水生卯结婚。官生印旺，丑月子丑合食伤被克，巳酉丑合金，巳被化夫亡，没有征兆，突然倒下就去世，心梗，一切皆是命。子平术学习需要找到志同道合的易友，一起实战研究。大 龙研究三十余载，欢迎交流学习。
9,5,5,9,7,11,3,11,1,乾壬辰戊申庚戌丙戌,4,此盘是出题老师的亲戚，盘无误，反馈细节都有，是不可多得的案例。副部级领导，八字气势十足，食神制杀格局高，建议多多研究命理，来源清白，真实可靠的盘，层次这么高，一生不见得遇几回。别拿转了几手的案例，来比较，不是一回事。下面是主要反馈：初期部队卫戍区炮兵领导，回地方后进入省法院。53岁升省法院一把手，65退省政协二线。他们兄弟三个，都当兵，命主是老二，老大当兵后在兵工厂当干部，老三搞煤矿。他们父亲是以前的村支书，之前地下党，母亲在家务农。将相本无种！牛马加油！整理出贵的案例：39岁壬寅升正厅，四年后命主父亲反馈合官得官正处，五千万厅级伤官配印，几群无断对，到处讲假反馈文化馆科长官印相生，几群无断对乾造：壬辰?戊申?庚戌?丙戌（空寅卯）胎元：己亥??命宫：辛亥大运：己酉3?庚戌?辛亥?壬子?癸丑?甲寅?乙卯庚戌日元生戊申月，建禄格月上透印，地支三重土印，时上丙戌，杀印相生。年上壬辰，食神制杀，月上戊印枭神夺食，命盘可以有三种取用。到底怎样选择？要看命盘想要表达什么？而不是命师自己认为怎样。将命盘看成一粒种子，怎样从泥土里生根发芽开花结果，必须当一个生命来看态。壬水在申中长生，胎元，命宫见禄。丙在申月死地，座戌是入墓。戊在申月死地，先生申金再夺食，申化戊生壬，戊力量不够，格取食神制杀。问职业？层次？答：处级，千万。食神制杀，要食旺旺印弱，早年西方运，化印生食，庚戌魁罡武将，当兵发贵。一路北方运，东方运，扶起食伤，克制印星发贵。甲寅运甲申年，财生杀旺，流年见禄可以担起财官，升省高院院长。命理测算一定要以命局为准，统筹分析，抽丝剥茧，最后得出结论，才能预测将来。不可能找一个老师，学习一两个月一两年，可以神算，这种多数会上当受骗。子平术学习需要找到志同道合的易友，一起实战研究。大龙研究三十余载，欢迎交流学习。
3,5,8,2,5,5,10,2,2,坤丙辰辛丑戊辰癸丑,3,?这是李群主的一个朋友，一手案例，江西人。伤官生财，伤官见根运发千万。男命女命比劫重了都不美，少数两全。命主行业断出，当然职业千千万，不要过于执着，断不对是正常。之前有一个骗子老孔群，专门断职业，命中有两酉，有人算出是做煎饼，讲酉金是两个铲子。但是有一个问题，断对职业的人，很随机，不是那几个人经常对。比劫重，伤官重婚姻容易出现问题案例：丁旭清比劫一片，弟弟不灵猫老六亲证?这是紫微骗子丁旭清的八字，断二婚必离，文章发表没一个星期，爆出老婆猫老六出轨，己签离婚协议，克父克妻。财当令父先亡，只因比劫一片女带伤官福不全，夫亡子亡发千万坤造：丙辰?辛丑?戊辰?癸丑（空戌亥）胎元：壬辰??命宫：辛卯大运：庚子3?己亥?戊戌?丁酉?丙申?乙未戊辰日元生辛丑月，比劫当令月上透伤官，五土一火，火土成势。时癸丑戊癸合，财在丑月有余气，月上伤官透生财为喜，丑墓中透伤，不强。年上丙辰，印合伤官辛，辛被合克，癸必出问题。看盘中年行西方运食伤旺，必发家断千万，五金老板。反馈：命主做PCB老板，丁酉运开始发家，千万身家，老公上班，主要钱财是命主挣的，乙巳年老公去世。比劫一片克财，命中辰中有乙官，癸从财官辰中透，癸当库看，合财财是夫。命中丙辛合，伤官受制夫先亡。丙申大运，丙透合辛，命中丙辛合的应期。乙巳流年，官生印，巳申合食被制，癸绝夫亡。子平术学习需要找到志同道合的易友，一起实战研究。大 龙研究三十余载，欢迎交流学习。
9,7,4,8,1,9,8,8,1,乾壬午丁未甲申辛未,2,乾造：壬午?丁未?甲申?辛未（空午未）胎元：戊戌??命宫：癸卯大运：戊申9 ?己酉?庚戌?辛亥?壬子?癸丑?甲寅?乙卯甲申日元生丁未月，财星当令月上透伤官，年上壬午伤官在午中见禄，午未合未伏吟到月，财星旺极。座申杀，申中壬水透生日元，未中甲有根气，日元弱而不从。时上透辛官，官来生印本为喜，奈何月上伤官克官，年上伤官得禄，祖业不继。初运酉方官地，来生印，学历很好。官是政府，来生印，政府养大成人，读书学习，建房给他住。父亲按命相看，癸未年亡。壬午丁未，天地合，壬水为母。未月土燥，又午合丁生，燥上加燥，喜壬水去燥湿土，所以水不能坏。月上伤官制官，水无源，水坏父亡。癸未年水绝地，癸透未上虚弱无力，父不禄。为什么母亲不认？各位易友自己思考分析。子平术学习需要找到志同道合的易友，一起实战研究。大龙研究三十余载，欢迎交流学习。
3,5,8,2,5,5,10,2,2,坤丙辰辛丑戊辰癸丑,3,是李群主的一个朋友，一手案例，江西人。伤官生财，伤官见根运发千万。群主见我断得很精准，发了一个男盘，问怎样。我当时结合两盘，断是女命老公，反馈是，乙巳年男命去世。八字看另一半，不是玄学猜谜，而是有迹可循的系统分析——?配偶宫（日支）看气质底色，配偶星（男看财、女看官）看具体特征?，与命盘结合，旺衰刑冲克害，才能拼出完整画像，这要与实践结合，提升准确率坤造：丙辰?辛丑?戊辰?癸丑（空戌亥）胎元：壬辰??命宫：辛卯大运：庚子3?己亥?戊戌?丁酉?丙申?乙未戊辰日元生辛丑月，比劫当令月上透伤官，五土一火，火土成势。时癸丑戊癸合，财在丑月有余气，月上伤官透生财为喜，丑墓中透伤，不强。年上丙辰，印合伤官辛，辛被合克，癸必出问题。比劫一片克财，命中辰中有乙官，癸从财库辰中透，癸当官看，合财财是夫。命中丙辛合，伤官受制夫先亡。丙申大运，丙透合辛，命中丙辛合的应期。乙巳流年，官生印，巳申合食被制，癸绝夫亡。比劫重，伤官重婚姻容易出现问题案例：丁旭清比劫一片，弟弟不灵猫老六亲证?这是紫微骗子丁旭清的八字，断二婚必离，文章发表没一个星期，爆出老婆猫老六出轨，己签离婚协议，克父克妻。财当令父先亡，只因比劫一片女带伤官福不全，夫亡子亡发千万乾造：甲寅?癸酉?乙亥?庚辰（空酉申）胎元：庚子??命宫：乙丑大运：甲戌4?乙亥?丙子?丁丑?戊寅?己卯乙亥日元生癸酉月，官星当令月上透印，时上庚辰，乙庚合官地支藏杀，透官当杀，官重喜印座印，印透在月。年上比劫甲寅化月上癸，寅亥合分印，乙在辰中有根，辰酉合辰中乙木坏，辰上透庚又合克辰中乙木，所以命主有大凶。早年很北方运，必然读书成功，北方运化官日子很好过。戊寅运，寅亥合戊癸合，克印了，乙巳年戊土见根，印死地去世。到这里很明显，女命克夫，男命早夭。女命时上丑是食伤库，代表女的下体，与男命年上寅暗合，综合取象，这就是夫妻。子平术学习需要找到志同道合的易友，一起实战研究。大 龙研究三十余载，欢迎交流学习。
3,11,8,2,5,9,4,6,1,乾丙戌辛丑戊申丁巳,2,这是刚进此群，看美女群主挺大气爽快，断了几个八字，这是其中之一。现在群里很少断八字，群里的大师太多，上一周还遇到一个香港两套房，做保洁的，大师说穷命，与四线城市二套房没什么区别，因我认为是富，为避免争执，我还道歉认输。群见多了，越是生活中不如意，越是在网上显得偏激，瓶底一点水，晃动越厉害，但是你不认输，没三句，就会被大师骂。这个八字，断了目前大体情况，特别断了几个流年，都断对。打擂时，断流年，虽是断事情，我常常思考的是，怎样从八字反推这些流年，日积月累，会有所得。乾：丙戌?辛丑?戊申?丁巳（空寅卯）胎元：壬辰??命宫：辛亥大运：壬寅8?癸卯?甲辰?乙巳?丙午?丁未?戊申?己酉戊申日元生辛丑月，比肩当令，月上透辛，时上丁巳，印星透出，日禄归时。火土一气，喜其座下申金食神泄秀，断其聪明好学，正印贴身，行事端正，反馈都是。断壬寅年，自己有麻烦家庭有变故。反馈自己身体不好，影响学业，多读一年书，加了我微信后进一步反馈，壬寅父亲生病，花钱多，家里很困难。壬寅运，壬寅年，岁运并临，戊申一体，壬为财，生寅杀冲了申金，冲了食神自己有灾。年丙为母，巳申合，其禄合申，申中壬水为其父，壬寅年，父的食神冲了印，父生病。甲午年断其家庭身体不好，反馈乙未年父母闹离婚，甲午年还可以。一般断命以反馈为导向，不会再深入，而大龙盲派讲的是以八字为根本。甲午年小寒后转运，所以还在辛丑运。甲午年，午丑穿，穿坏大运的食伤库，甲木生丙丁火，合克辛金，丁火见根，父亲出轨，小三怀孕，乙未年同父异母妹妹出世。乙未年父母闹离婚，实际是甲午年父亲出轨，小三怀孕引起。断壬寅运不利父亲，反馈父亲破产，我断是戊戌年，反馈是。各位易友可以思考，为什么父亲会戊戌年破产？子平术学习需要找到志同道合的易友，一起实战研究。大龙研究三十余载，欢迎交流学习。
8,4,7,3,2,8,8,6,1,乾辛卯庚寅乙未辛巳,0,断出肺癌十死无生，反馈是肺癌医生通知回家，儿女已经回来。我能断对是长期实战总结，整理笔记二十万字左右，几万案例，分析错卦例，找出原因，这是几十年时间的沉淀。见我断对，虽无过节，但是几个小人泼脏水，说这个八字早出过，我知道答案。社会如此，小小群里如此，自己不努力断不对，不在自己身上找原因，就泼脏水打击断对者，虽自身没有提高，但可以安慰自己。他们不知道的是，李群主介绍他弟弟来找我测算。乾造：辛卯?庚寅?乙未?辛巳（空辰巳）胎元：辛巳??命宫：丁酉大运：己丑7 ?戊子?丁亥?丙戌?乙酉?甲申?癸未乙未日元生庚寅月，比劫当令月上透官，地支寅卯未，根强体旺。时上辛巳，伤官泄秀生未财，伤官合辛杀，取用有两种方式，看命局是怎样走向。年上辛卯，卯未半合制财，财被克坏，而伤官生，财有气。天干三重官杀，支有财生，天干不透食伤，无法制尽官星。乙庚合官，还得用官。问丙午吉凶？断：肺癌有贵气，十死无生。反馈是肺癌，医生回绝，命主已经回家，子女已经回家。中年行西方运，官见根，虽无贵气，小有名气挣钱了。癸未大运丙午流年，印来生身泄官，未是座下的未，命中是坏的。印生身，身更旺，财坏尽，只剩官星可用。流年丙午，丙是巳透在天，寅中长生，伤官合杀制官，官被制尽。问吉凶，我直接断出事情，这是有很大把握。我常讲，骗得了别人骗不了自己。子平术学习需要找到志同道合的易友，一起实战研究。大龙研究三十余载，欢迎交流学习。
6,6,4,2,7,5,2,10,2,坤己巳丁丑庚辰乙酉,2,八字命理断婚期，特别现在社会，结婚普遍较晚，有一定难度。日柱代表自己，以日柱来定财与官，结合夫妻宫，夫妻星在命局的旺衰刑冲合害分析清楚。平衡日柱与夫妻星旺衰，日主弱，流年要生扶日主，财官弱，流年要生扶财官，这是大的原则，具体应用要时间积累，实践总结。男以财为妻，无财以官为妻，女以官为夫，无官以财为夫。财官在年有早婚可能，财官在时，有晚婚可能看婚姻应期，主要以三合，六合为主，六冲。命中合多，要逢冲，命中冲多要逢合，六合最验。1、首看日干。原命局日干身不是太弱，天干无合，逢流年男命与财星相合，女命与官星相合，多为婚期到来，日干受冲，合支冲日干之字，或生扶日干，为婚期。日干逢合，合字旺，逢流年天干冲去或克去合日干之字，为婚期到来，此为合必待冲克。2、次看日支。原命局日支无合无冲，逢流年三合，六合，为婚姻应期，如财官座正位，在夫妻宫，要看财官的力量，财官强要克泄，财官弱要生扶。日支无合无冲为忌，逢流年财星或官星冲入夫妻宫，多为婚姻应期。日支有合，流年逢地支冲去所合之字，多为婚期到来。日支逢冲，流年逢地支合去所冲之字，多为婚期到来。3、男女统看。印比为结婚证与亲人，命中体弱，见印比容易结婚。喜印印被财坏，见官化财生印可结婚。喜比劫，比劫被官克见印可结婚。流年天干地支与日柱天合地合，称天地鸳鸯合，容易结婚。命局若无配偶星，此种命局多主晚婚，或婚姻不顺。大运流年一旦出现财官，可结婚，一定不要作，否则错过机会，只能后悔。嫁人不嫁比劫男，娶妻不妻伤官女。这两种情况结婚比较困难，大运见财官，男命流年官克比劫，可以结婚。女命流年见印或者财，可以结婚。这种婚姻要学会克制自己，互相理解，才能改变这种命局不利婚姻的作息。这些是断结婚总的纲领原则，实际应用，要按命局灵活处理，要多练习，多总结，结婚应期会不断提高。下面来个实战案例：坤造：己巳丁丑庚辰乙酉（空申酉）大运：戊寅8?己卯庚辰己巳庚日元在丑月，座辰，时上阳刃酉，印当令，体不弱。问己卯运那年结婚？己卯运，冲酉体受冲，财坏印。印当令与酉当令有区别，酉当令被冲，见食伤见财都可结婚。而印当令，体不弱不代表旺，所以财坏印冲酉，命中要解决财，财解决了可以结婚，见申酉，官化财，都可以，看谁先来。甲午年官见根，化财结婚。癸巳年一样有官为什么不结婚？癸巳年伤官透克官，当然结不了婚。子平术学习需要找到志同道合的易友，一起实战研究。大 龙研究三十余载，欢迎交流学习。
6,8,8,8,7,5,8,6,1,乾己未辛未庚辰辛巳,2,这是群里发的四选一，反馈过了一天后，出题时并无答案，真实案例。问层次？A?聋哑人，吃低保B?正科级干部C?开五金厂的亿万富翁D?初中语文老师答：B?反馈是B好的格局，容易出贵，可以参考下面案例：合官得官正处，五千万厅级伤官配印，几群无断对，到处讲假反馈文化馆科长官印相生，几群无断对乾造：己未?辛未?庚辰?辛巳（空申酉）胎元：壬戌??命宫：己巳大运：庚午2?己巳?戊辰?丁卯?丙寅庚辰日元生辛未月，印星当令月上透比劫，时上辛巳羊刃驾杀，辛伏吟到月，辛代表命主自己。年上己未印透生，未伏吟到月，是己土的根又是财库。辛合杀化印，未是财库在年月，代表命主能得到国家的财。自座辰湿土，虽在未月，辰可以去燥生庚，地润天和。羊刃驾杀，印重喜财官旺。初运南方火地，印重不忌官，必然有学历，读大学。虽无反馈学历，命中有学历，79年的大学生，出贵的可能性很大。中年行东方财运，丁卯丙寅运，财生官旺，当官的命，命局与大运不悖，官做得四平八稳。同样有人当官，配合不合，做官如履薄冰。子平术学习需要找到志同道合的易友，一起实战研究。大龙研究三十余载，欢迎交流学习。
5,3,7,9,9,1,3,7,1,乾戊寅庚申壬子丙午,1,这是群里易友自己的盘，一手案例，反馈详细，包括命主性格，各易友可以参考。学习命理要敢断，不要怕错，错是必然，错多了才能对。下面是他自述：但是人也很懒，总是投机取巧，大钱赚不着，小钱不屑于赚。不肯吃辛苦，不翘的钱不愿意赚，一点儿都不愿意扎实做事，总想找简便方法。如今这个时代我这点小聪明，不够用了。不肯吃辛苦，这就是阻碍成功的最大因素，所以现在我的收入很低了2021大赚，2022年做nft?先赚50?后赔300，24年炒币赚600，2025年没怎么赔。家境底层穷人，且2020年父心梗亡。人生起落案例：五百万投资亏损，断后三年的反馈女带伤官福不全，夫亡子亡发千万从财格发财亿万富翁，大运流年生扶溺水亡。女车模不堪回首嫁老富，二柱算命盲派象法乾造：戊寅?庚申?壬子?丙午（空寅卯）胎元：辛亥??命宫：甲寅大运：辛酉3?壬戌??癸亥?甲子?乙丑壬子日元生庚申月，印星当令月上透印，年上戊寅七杀座长生，时上丙午，财来坏印生杀，杀在午是帝旺，杀不当令但强。地支寅申冲，子午冲，寅申冲是用食神生财，子午冲是用羊刃冲财，胆大捞偏门，赌性重。寅空食神代表思想，少些脚踏实地的精神。因为先看的反馈，断了家境，父亡流年，父病，破财流年。敢断是第一步，没有百分百的准确，但基本准确。年上七杀克身财来坏印，断出身普通。寅木空亡，寅中丙是父，断父在辛酉运亡。因为酉寅绝，寅坏父亡。实际在癸亥运，亥寅合灭寅中丙，父亡。庚子流年，子午冲羊刃冲财，父心梗亡。癸亥运合寅，禄生食神生财发财。辛丑年丙辛合，财不生杀，子丑合羊刃不冲财，大发。壬寅年合亥冲申印坏。寅午合，年上七杀有根，杀克身破财。甲辰年食神生财发财，食制杀，杀不克身，能守住财。子平术学习需要找到志同道合的易友，一起实战研究。大龙研究三十余载，欢迎交流学习。
8,4,7,3,2,8,8,6,1,乾辛卯庚寅乙未辛巳,0,断出肺癌十死无生，过不了本月，反馈是肺癌医生通知回家，儿女已经回来。当时引起很大争议，认为这题去年出过，我知道答案。最主要的是去年出过，它们居然没有记得断对。其实真是去年出过，谁能记得这个盘？后面李群主出来说明，这是他姑夫，因为很凶了，才放到群里玩一玩，他一般不会放自己家人的盘出来。我长期在各大群实战，总结整理笔记二十万字左右，几万案例，分析错卦例，找出原因，这是几十年时间的沉淀。因为有深厚累积，我才能在各大群断出精彩案例，投机取巧，弄虚作假，不会长久，象古镇一嘴骗子，烂大街了。乾造：辛卯?庚寅?乙未?辛巳（空辰巳）胎元：辛巳??命宫：丁酉大运：己丑7 ?戊子?丁亥?丙戌?乙酉?甲申?癸未乙未日元生庚寅月，比劫当令月上透官，地支寅卯未，根强体旺。时上辛巳，伤官泄秀生未财，伤官合辛杀，取用有两种方式，看命局是怎样走向。年上辛卯，卯未半合制财，财被克坏，而伤官生，财有气。天干三重官杀，支有财生，天干不透食伤，无法制尽官星。乙庚合官，还得用官。问丙午吉凶？断：肺癌有贵气，十死无生，过不了本月。癸未大运丙午流年辛卯月，命中官星受损，癸未运卯未合财坏。流年伤官制官，官被制尽寿尽。辛卯月杀在绝地，命中寅巳刑，巳透在流年丙，丙在寅长生，流年午帝旺，丙辛合克杀，6日庚辰日出题，中间流日扶官，克食伤，到13日丙戌，伤官合辛杀亡。如果可能，前事可以 做假，后面死亡，具体时间，没人会知道，这是真功夫。子平术学习需要找到志同道合的易友，一起实战研究。大龙研究三十余载，欢迎交流学习。
8,6,10,6,2,2,8,6,1,乾辛巳癸巳乙丑辛巳,2,云海这二货，认识几年，只知道它很难在一个群里呆久，讲它假反馈，骂人的都有。今年进我群二次，第一次说不是一手八字退了。最近又求我，说想进群，本来退群了，不再进入，念及认识几年，又拉进群。在群里他自己发过几个案例，我基本断对。它妒忌我命理水平，没问题，不过它诬威名老师是托太过分。此人志大才疏，只会讲就是这样，让它讲易理，屁没一个。以说验婚姻，我让它讲二个时辰婚姻怎样？那年结婚？吓得退群。难道全反馈出来，它再马后炮？易学圈这种二货很多，全身只剩下嘴。八字反馈：这八字是我爷爷的。老爷子家贫吃不上饭，16岁被送去当兵，凭借个人良好素质第二年就是班长。第三年被指导员保送进入石家庄陆军指挥学院军校学习，回来是排长，当排长的第二年立功提干，是当时新中国第一批虎式坦克指挥员。后来因为胃病转业回家，是地方供电局局长，独掌电力大权，当时再牛逼的厂子领导也得求我爷爷。家中茅台、现金虽不算多，但那个年代也算是小富贵。65岁脑血拴，半身不遂，病了20多年。24年底白血病去世云海已经拉黑，易学渣子，最好的交往是拉黑。它之前发的案例，我断对，难道它自己是托：乾造：辛巳?癸巳?乙丑?辛巳（空戌亥）大运：壬辰5?辛卯?庚寅?己丑?戊子?丁亥?丙戌?辛酉乙丑日元生癸巳月，伤官当令月上透印，地支三重伤官生财，火丑当权得势。月上透癸印，印从丑中出，年上杀时上杀来生印，命局的关键在杀能否生癸印，年上辛巳伏吟到时，巳火令，伤官制杀太过，杀坏层次不高。问层次，职业，那里有生病？答：培训，温饱，泌尿系统。这里说明下，辛巳年生人，盘上点的乙巳流年，没细看我误认是01年生人。反馈后，我仔细分析命盘，辛巳时伤官生财，火土太重，没这么高层次。在群里我讲了我个人认为是庚辰时，并且讲了易理。庚辰时，丑辰泄巳，庚得辰土相生，能生癸印，辰中乙木有根，乙庚合官，辛巳合是伤官去杀留官，格局清纯出贵。当时我还在群里讲，那个时候出生，现在无法校对时辰，这是我个人看法，供大家参考。威名老师答应回去再确认时辰，过二天威名老师问了他奶奶，他爷爷在卫生所出生，是早上8点多出生，是庚辰时。云海只会讲就是巳时，讲易理什么都不会，诬威名老师是托，志大才疏入不了流。子平术学习需要找到志同道合的易友，一起实战研究。大龙研究三十余载，欢迎交流学习。
8,6,1,7,10,12,2,4,2,坤辛巳甲午癸亥乙卯,2,感谢海老师带来的一手案例，反馈详细，01年的小孩，人生刚起步，主要看学历。命理中看学历，主要是印星，代表学习能力、记忆力与文凭，是判断学历的首要依据。也可看食伤星，代表聪明才智、创造力与考试发挥。食伤为喜用且旺，主聪慧好学；若为忌神或无制化，则可能贪玩、不守规矩影响学习。??之前有断学历的案例，大家可以参考：坤造：辛巳?甲午?癸亥?乙卯（空子丑）胎元：乙酉??命宫：丙申大运：乙未4 ?丙申?丁酉?戊戌?己亥癸亥日元生甲午月，财星当令月上透伤官，时上乙卯食伤生财，年月财星当权得生。癸亥自座比劫制财，印星透现制伤官生身，命局财稍旺体弱。问父母层次？学历？壬寅？答：小康，硕士，壬寅伤病。反馈：小康父母双公职学历211硕?22年考研失利但是幸运的被调剂本校??年上辛巳，印为母，巳为父。火旺喜金，行运一路往西方金地，家境必然发富，小康。至于父母公职，不可执一。这盘看父容易看，母就一辛虚透，母是公职，必然要参看母八字。学历看印，印虚透。伤官配印，好在天干不见财，印无损，大运一路扶印，断硕士。这盘食伤为忌受制，不影响学习。壬寅流年丙申运，天干比劫制财为喜，比劫生伤官，伤官冲印火忌，所以断凶。实际是考研没考上，调剂到本校。寅是有丙，伤官生财，估计有些运作。世间事没有绝对的公平，我们只能接受现实，不断提高自己，挣取在机会来临时，一飞冲天。子平术学习需要找到志同道合的易友，一起实战研究。大龙研究三十余载，欢迎交流学习。
9,7,3,7,3,7,1,7,1,乾壬午丙午丙午甲午,1,生者易友偶得一特殊案例，知道我喜欢研究特殊命盘，特与我分享，6火地支四个羊刃，时上枭印，我只能看出命盘太偏枯，人生起伏大，抑郁血病可能，必然是凶盘。反馈命主涉黑，打砸抢，前两年失手杀人，被判死刑缓刑二年。实践当中，偏枯混乱的命盘，有少数成功，富贵大发，但运势一过，一切归零，人生起伏大，如刀尖跳舞，一个失误万劫不复。多数人普通，而刑克六亲。下面是之前偏枯的案例，有兴趣可以参考：乾造：壬午?丙午?丙午?甲午（空寅卯）胎元：丁酉??命宫：丁卯大运：丁未11?戊申?己酉?庚戌?辛亥?壬子丙午日元生丙午月，羊刃当令月上透比劫，地支四羊刃，时上甲午枭印生身，体旺身强，财官弱，枭印羊刃凶神齐聚，这种盘从五行生克的角度去分析，可能没有意义，基本是木火主事偏枯。象这种盘，从十神的角度去理解，可能更直观。地支四羊刃统局，羊刃是八字命理“极恶之煞”，代表日主五行气至极盛，盛极而衰，凶险异常，当然对命局起好的作用，如财官重，自座羊刃，反而代表胆大、勇敢、性情刚烈、行动果断，遇事不退缩。此盘羊刃起到负面作用，代表刻薄冷酷，以怨报德，反复无常，难以自控，常因一时之气酿成大祸?。时上枭印贴身，戾气更重，所以此盘一眼凶。羊刃劫财，无财相安无事。戊申运，食神生财，财到事非到。如果戊土食神能生财，顺生有情可发富，可惜时上甲木枭神夺神，戊被克，申财被群劫夺。流年癸卯，卯午破己土伤官被克，财无生机，申被克死杀人。卯午破一定凶？这里要看下命宫丁卯，卯午破，命宫主要判断人生归宿与趋势，所以流年癸卯就是命宫卯午破应期。子平术学习需要找到志同道合的易友，一起实战研究。大龙研究三十余载，欢迎交流学习。
10,8,3,5,1,1,10,10,2,坤癸未丙辰甲子癸酉,1,这是旭日老师发的一个特别命盘，官印相生，很多老师断成很好的命造。反馈后大跌眼镜，下面是详细反馈：父母与继父母互换，父母离婚后，父娶继母，母嫁给继母的老公。随奶奶长大，初二学历，小姐，14岁被继母的丈夫和儿子糟蹋后，被鸡头控制挣钱，目前为止身上只有够一天的吃饭钱。辛丑年曾流产过一个，共五个。辛丑年奶奶去世，家里种地，贫穷，父老实。母改嫁三次，第一任遭家暴，生下一子，三任是继母的丈夫，对子女没有亲情，很自私。可以参考之前类似的案例：坤造：癸未?丙辰?甲子?癸酉（空戌亥）胎元：丁未??命宫：乙卯大运：丁巳6?戊午?己未?庚申?辛酉?壬戌?癸亥甲子日元生丙辰月，财星当令月上透伤官，年月双财，财有伤官生，辰酉合财重生官，喜印化官生身，自座印星，年时双印透制伤贴身相生有情，这样看是个好命。年上癸未，癸是母，未是父。辰月癸死绝之地，座未又是死绝，怎能生身，母亲自顾不暇，地去子未穿，印根损坏，格局混乱，层次天上地下翻转。问出生家庭，职业，学历，辛丑年？答：出身：普通。学历：高中。职业：小姐。辛丑年下海，伤病。财重喜印而财来坏印，父母能力低下，家境普通。癸水在年月被克严重，只能靠时上酉金生，必然是多婚命。癸未，未是父癸是第一妻，子未穿，子是第二婚。学历看印星，命中印被克，一路南方运生财坏印，03年生人，给了高中，实际初中没毕业。财重喜印比，年上未土是财又是比劫库，必然要靠未中比劫助身克财，未上透癸印，印是技能。未可以理解成工作之地，子未穿财坏印代表工作的地方是非法取财，比劫库表示有很多姐妹在一起，必然是小姐。癸水被克，很低档的小店。辛丑年戊午运，伤官生财，戊癸合财坏印，应凶。辛丑年，子丑合，官来克身，答伤病，实际是打胎。继父的事，讲实话，盲断应该很难，但是反馈后，可以解释，各位易友可以自行参断。子平术学习需要找到志同道合的易友，一起实战研究。大龙研究三十余载，欢迎交流学习。
8,10,4,10,4,10,10,4,2,坤辛酉丁酉丁酉癸卯,3,算命想算准细节，单纯靠八个字加大运二个字加流年二个字，共12个字组合，很难精确断出细节。大龙盲派加入象法，解读命盘背后的细节，从而展现一个人完整的人生故事，这是有可能做到。现实中有人付费实测，开始时我会讲明，命理学不是录像回放，不可能百分百。号称百分百肯定是骗子，金无赤金，那个人每次考一百分？如果你愿意付费相信百分百，付的是智商税。群里实战，二选一：师兄们，财富多少？婚姻如何？1：两千万，离异2：二十万，和睦答：二千万，挣男人钱。反馈：出生家境普通，学历大专，结婚后从事美容行业越干越大，现在是美容院长，资产两千万，一子一女，婚姻离异。类似的案例，可以参考：坤造：辛酉?丁酉?丁酉?癸卯（空辰巳）胎元：戊子??命宫：癸巳大运：戊戌9?己亥?庚子?辛丑?壬寅?癸卯丁酉日元生丁酉月，财星当令月上透比肩，地支三酉财从年伏吟到日，年上透辛财，财强旺。时上癸卯，三酉冲卯，杀印相生，命局有两种取用，一是杀印相生，另一种贪财坏印。地支财肯定强，印被制住，天干的辛能立住，从财，立不住杀印相生。年上辛金在年月日有根当令，月上丁酉而丁在酉上长生，看起来双方力量好像差不多，但是阴长生是虚旺的象，所以月上丁制不住财，财统局贪财坏印。命要制印，早年行北方官杀之地，生印家境普通。什么时候能发财？财来之时，庚子辛丑运，至此已经答完题，不过我们可以再深入，具体，加入细节，这样如是客户来预测，会更相信我们。财在夫宫，财当夫。男人多不多？四柱全有财官，酉是夫宫，年月全是夫宫，是不是全是男人？所以当时断二千万，发男人的财。命理学从易到难，我们要有序给自己增加难度，积累经验，才有机会成为优秀命理师。现在已经建了大龙盲派公众号粉丝群，欢迎有志于命理学习提高的易友交流学习。子平术学习需要找到志同道合的易友，一起实战研究。大龙研究三十余载，欢迎交流学习。
5,1,7,9,4,12,3,7,1,乾戊子庚申丁亥丙午,1,遇到少数想白嫖的人，在群里发盘让我看，不看就说我断盘很厉害是假的，骗子。很奇怪他们为什么有这样的想法，我从不在意这种不同频的看法，做好自己，服务好相信我的朋友，我真没精力应付这些人。这个小弟对我将信将疑，我断他的盘不是为了证明自己，只是看他想节制天下兵马，感觉好笑，下个运搞不好吃牢饭，希望对他是警醒。我当时断后，命主反馈，很多人私加我。之前的牢狱案例，有兴趣可以参考：乾造：戊子?庚申?丁亥?丙午（空午未）胎元：庚申??命宫：壬申大运：辛酉9?壬戌?癸亥?甲子?乙丑丁亥日元生庚申月，财星当令月上透财，地支亥子官杀混杂，财官一气，凶神伏藏。时上丙午，比劫克庚财，制住财发财，制不住财贫。年上戊子，伤官合杀，丙戊的根在午禄，所以丙戊代表命主自己想法。命主想节制天下兵马，是命局戊子的象，财官这么重，只有一个午火支撑，可能吗？断他家境普通，学习不行，认干妈。财生官重，年上伤官生财，体太弱，早年行西方运，必然贫困。喜印不见印，西方财地印星死绝，学习不行。喜印不见印，年上伤官克父母，这盘克母，认干妈能改善。反馈与祖父母长大，职高，有继母。有继母是命局克母，认干妈与继母在命理学中的象是一样，无法精准定位。现在行壬戌运，午戌半会，禄受扶，官不至于为祸，流年逢官旺，只是一时之灾。后面癸亥运，七杀透代表原局子午冲，禄被坏必然出大问题，小心牢狱之灾。子平术学习需要找到志同道合的易友，一起实战研究。大龙研究三十余载，欢迎交流学习。
3,7,2,8,10,10,4,6,2,坤丙午乙未癸酉丁巳,1,八字看疾病，主要通过命局的五行对应人体五脏：木（肝胆、筋骨），?火（心脏、血液、小肠），土（脾胃、消化系统），金（肺、呼吸系统、皮肤），水（肾、泌尿系统、生殖系统），这是主要方面，实际好多病症，我问中医，很难说清是什么五行。因此，八字看疾病，只能是粗略参断，供参考，唯一确定的是，命局在大运流年引动，加剧命局五行失衡，从而引起病症。今天的案例是B站实测，问她母亲今年怎样？实际我一眼看见大凶癌症，考虑到别人的接受度，我只断身体有疾，病在肺和泌尿系统，实际是子宫癌。坤造：丙午?乙未?癸酉?丁巳（空戌亥）胎元：丙戌??命宫：癸巳大运：甲午3?癸巳?壬辰?辛卯?庚寅?己丑?戊子癸酉日元生乙未月，七杀当令月上透食，年上丙午时上丁巳，财重生杀旺。本来食神制杀，可惜食生财，午未合食不能制杀，反而辗转生杀。癸在酉是病地，财坏印，整个命局偏枯混乱，格局不高。问丙午年己丑运什么事？有杀先论杀，命局财生杀，所以行辛卯，庚寅运，天干透印，地支食伤制杀，问题不大。己丑运七杀透克身，必然大凶。丙午流年，是命局丙午伏吟，引动午未合，财坏印，癸水死绝之地，我一看要见生死，癌病。断肺泌尿系统，金水受伤。子宫癌早期偏中。"月令未土是全局的忌神吧，按道理说未和大运丑相冲，把忌神冲了，把丑金库重开应该是好的吧"，命主女儿的分析 ，这就是书房派没有实战经验，冲去未土，丑不是土？各位易友，八字看疾病，有什么心得可以留言交流。子平术学习需要找到志同道合的易友，一起实战研究。大龙研究三十余载，欢迎交流学习。
1,11,8,8,4,8,2,6,2,坤甲戌辛未丁未乙巳,1,这是一位易友分享的案例，平生未见，各位易友参考。下面是其人生主要经历：2016年，骗自己闺蜜去新疆，然后闺蜜被L奸，生下一个孩子。2017年闺蜜回来，带人吓她父母，父母被吓当时没事，过了几天，突然猝死，告不赢!2019年，做传销，忽悠自己姐姐，姐夫，姐夫3千多万赔进去，直接破产。2020年，做口罩，倒腾转卖二手口罩机，那些老板亏了，带人搞她，后来靠出卖色相跟其中一个老板好上。2021年，跟老板好上的同时，跟别的男人那啥，怀孕，让老板养2022年，被老板发现，让她去陪领导睡觉，刚出生的女儿被不小心扔进熔炼钢铁的铁水里，尸骨无存2023年，套路家人，跟自己大伯争家产，因老人生前一句话，还有视频，法院判给她拿到一套房子。偏枯的女命案例可以参考：坤造：甲戌?辛未?丁未?乙巳（空寅卯）胎元：壬戌??命宫：己巳大运：庚午5?己巳?戊辰?丁卯?丙寅?乙丑?甲子丁未日元生辛未月，食神当令月上透财，地支食伤泄身太过，喜时上乙巳，印生比劫助身。丁乙从未中透，乙木枭印本为吉，主敏锐，领悟力，创造力。月上辛财坏印，乙从未中出，乙天生受克不完整，贪财坏印，背信弃义，枭印代表负面力量，阴险，自私，狡诈。日空寅卯，印禄空更加剧放大枭印的负作用。己巳运丙申年，大运巳为喜助身，巳代表别一个人。流年丙申，巳申刑合，闺蜜被L奸。己土食神代表子女，巳为生，闺蜜生下一个孩子。己巳运丁酉年，甲己合动印星为母，甲在巳运死地，丁酉年穿动戌，母猝死。戊辰运己亥年，大运伤官泄身，加剧了命局食伤泄身的负面作用，必然要大破耗。流年己亥冲巳，巳是命主的姐姐，害姐家3千多万赔进去，直接破产。未刑戌，戌上透甲印，食伤坏被印克，不利子女，戊辰大运，冲戌引动，流年壬寅，甲木见根克戌，女儿尸骨无存。戊辰大运癸卯年，命主喜印流年杀来生印，印代表事业祖房产，杀代表官方，杀生印克食伤，套路家人，因爷爷奶奶生前一句话，还有视频，跟自己大伯争家产，最后闹上法院，判给她拿到一套房子。子平术学习需要找到志同道合的易友，一起实战研究。大龙研究三十余载，欢迎交流学习。
1,1,9,9,1,11,1,11,1,乾甲子壬申甲戌甲戌,1,这是群里的案例，没有任何提示，直断一个流年。只有一问，如果多问，可能从其中能分析出关联，一问就好像一个人来测算，只给八字，然后闭口，等命师算。大龙盲派测断，一直是盲断，只要命主八字，出生地即可。反馈命主是三只手，因为偷盗入狱。小偷，赌博命理，我在实践中，有些总结，八字特点：一是原局印被穿坏、冲坏，财重克印之象。二是比劫克财和财星上透比劫。三是印生到比劫，而自己得到印的力量小，或者印被日时克坏，又想去劫财。为什么牢狱？自己的财花完了，只能去劫别人的财，所以是骗子、小偷。之前有牢狱的案例，大家可以参考：乾造：甲子?壬申?甲戌?甲戌（空申酉）胎元：癸丑??命宫：乙亥大运：癸酉11?甲戌?乙亥?丙子?丁丑?戊寅?己卯甲戌日元生壬申月，七杀当令月上透印，申子会水，杀印相生。天干三甲分印，年上甲子，日时甲戌伏吟。杀印相生本主贵，但印的力量主要到了年上甲子，日时甲戌伏吟，戌是食伤库，代表命主意在求财，食伤不见而是用比肩取财，格局低下。问壬午年癸酉运什么事？答：牢狱。反馈命主是三只手，因为偷盗入狱。癸酉运酉穿戌，戌中丁坏，双戌穿酉，酉受伤，癸水受伤。癸弱能生甲木，甲木克财，而酉运，甲木死绝不能克财，可见命主不学无术，是个小混混。壬午流年，印在死绝之地，午戌半会意在财，子午冲坏印之象，如果甲木强，生的午火也强，没有问题。但是命中甲木死绝，生不了伤官，伤官冲印必然引动官星，牢狱。三个甲木三只手，很形象。小偷命理第三点印生到比却，而自己得到印的力量小，或者印被日时克坏，又想去劫财，本局很匹配。小偷命理的总结，是大概章法，具体应用要活学活用，不可拘泥。子平术学习需要找到志同道合的易友，一起实战研究。大龙研究三十余载，欢迎交流学习。
2,2,2,10,4,6,7,11,1,乾乙丑乙酉丁巳庚戌,2,大龙盲派八字实战群，每天的擂题由群里易友轮流出，打擂当天晚上由出题老师直接反馈，答案只有出题老师自己知道。上榜的老师，剖析易理，分享经验。这题很多老师在层次学历上面答错，喜印比，一路身扶日元，没出富贵，反而是普通人，群里做了语音分析，与大家交流心得。此造是千川老师的朋友，感谢千川老师提供一手八字，下面是主要反馈：大龙盲派八字实战群，其它案例：乾造：乙丑?乙酉?丁巳?庚戌（空子丑）胎元：丙子?命宫：丙戌大运：甲申4?癸未?壬午?辛巳?庚辰?己卯?戊寅丁巳日元生乙酉月，财星当令月上透印，比劫见根，不见官透双印来生身，这样一看，的确有富贵之象。细看年上乙丑，丑酉半会生财，丑刑戌坏比劫库，地支食伤生财双巳酉丑会财，财当令而强。座下的巳火被合化，乙木透在酉丑，死绝之地自生难保，有生身之意无生身之力，乙庚合贪财坏印，格局平庸。早年行甲申，癸未运，泄身学历不高，答初中。中年虽行南方火地扶身，本应发富。但是，命局中印体在原局有损，虽运好，只能顺达而暴发之质。乙庚合用印合财，用头脑取财，答技术工。婚姻没答对。癸未运丁亥年，未中乙印见根要动婚，丙戌年比劫助身，可能是订婚，丁亥年结婚，合理。戊子年伤宫合杀怀孕之象，己丑生子。壬午运丁酉年，自己座在财禄上，答二胎发财。辛巳运己亥年亥冲巳，巳是日主的体，冲了应凶断破财，实际是离婚。大龙盲派八字实战群，玩的就是公平公正公开，易学圈子不大，相信很多易友听说过，期待能在易学道路相向前行。共同学习，不断提高命理水平。子平术学习需要找到志同道合的易友，一起实战研究。大龙研究三十余载，欢迎交流学习。
3,11,4,10,9,11,7,11,1,乾丙戌丁酉壬戌庚戌,2,这是B站的易友，随机一测，断了基本信息后，还让断父亲职业与23年什么事情，这无疑有挑战与难度，还好答对。大龙随时随地，各微信群自己建的群，别人建的群，各大网站平台，从不退缩，得到很多正面反馈。这与很多网络大师，实战潜水，反馈后马后炮嘴硬，完全两样，与古镇一嘴骗子之流用托，小号假算命，真骗财相比，大龙盲派秒杀。之前有很多读者来信的案例，可以参考：乾造：丙戌?丁酉?壬戌?庚戌（空子丑）胎元：戊子?命宫：戊戌大运：戊戌4?己亥?庚子?辛丑?壬寅?癸卯壬戌日元生丁酉月，印星当令月上透财，地支三戌穿酉，印杀重。丁从戌中出，财来坏印。年上丙戌，时上庚戌，丙庚冲，财来制印，财制不住。藏正印透枭印，命主很聪明，但行事走偏锋。丁壬合财淫合，早恋桃花多。断家境一般或稍好，问父亲职业，断象生意人。反馈家境普通，父是村主任，同时承包村里闲散地种，比当地人强些。丁壬合，丁是父，酉是母。丁克财，年上丙助力，戌是伤官比劫库，穿酉是生意人的象。问23年什么事？答：23年应凶，是非伤病，因女人而起。反馈因为与老师的桃花，而被流言搞得心痛。己亥运癸卯年，壬水大运见禄，引动丁壬合，早恋。癸水生卯木伤官，卯戌合杀，必然有是非，伤官生财因女人而起。没想到反馈是女老师，现在年青人玩得花。子平术学习需要找到志同道合的易友，一起实战研究。大龙研究三十余载，欢迎交流学习。
6,6,4,2,7,5,2,10,2,坤己巳丁丑庚辰乙酉,2,学习命理的大忌：失去独立自主思考能力，一切以反馈为导向。甚至不能容忍别人提出不同的看法。不同年代，甚至因为算命者的水平，命主本人的顾虑，得到的反馈是失真。我没有用假反馈，用失真。80年代前，时辰有可能失真，算命者能算到什么程度，反馈到什么程度。比如你算命主几百万，实际几千万，而一般会反馈是几百万，因为你的水平不够。甚至有桃花，你算不到，别人不会反馈。今天有一我自己实战的案例，我断家境小康，反馈是温饱。后面我让找命主确认，反馈完全不一样，主要反馈如下。开始：父母是农民，大专，自己也不是体制内做销售的面相很贵气然后14年结的婚，19年离的婚。我再仔细分析命局，认为是小康，让再确认一下家境，后面反馈：爷爷是当地的一个生产队的大队长，小时候家里特有钱，大概是90年代，家有200多亩地。爸妈就是农民养猪，尤其是他那个村里是最有钱，三四千头猪。现在院子有10亩，田地有70亩，几百万值，小康有。之前过三关的案例，有兴趣可以参考：坤造：己巳?丁丑?庚辰?乙酉（空申酉）胎元：戊寅?命宫：庚午大运：戊寅8?己卯?庚辰?辛巳?壬午?癸未庚辰日元生丁丑月，印星当令月上透官，地支火土金顺生，时上乙酉，羊刃助身，日元强旺。乙庚合自己合财，财生官，自己求的是财官。官在月上虚透，年上见根，财官不强，克夫之命。问家境，那年结婚？合财喜官，年上官杀见根，一路东方运，祖业兴隆。爷爷是队长，按反馈，在90年代，绝对很牛。戊寅运读书，命中印重不宜再见印，寅虽是财，但印透是大专。命中乙庚合财，大运己卯财见根，动婚。月上丁丑，官虚透，流年甲午，官见禄结婚。庚辰运，比劫合财离婚。二婚要在辛巳运，官旺的大运。具有独立自主思考能力，是我们学习命理的基本素养，请别丢失它，有问题欢迎下面留言。子平术学习需要找到志同道合的易友，一起实战研究。大龙研究三十余载，欢迎交流学习。
2,12,4,12,1,5,4,4,1,乾乙亥丁亥甲辰丁卯,1,上面视频有公众号总结，包含流量主收入，感谢打赏的易友们，谢谢。还有公众号粉丝群活动，有兴趣了解的可以看看。这是八哥群主提供的一手案例，那个经伟断得全错，就这种货，天天在群里吹，全准，那年发财，那年伤灾，百分百准。各群里这样的江湖骗子很多，大家自己注意。大龙的案例，都是各群实断，我断截图，反馈截图，没有百分百准确的神话，一直实战一直进步，服务好有缘人。下面是主要反馈：此八字太旺又得劫帮身，正印並印母入辰墓，自小行丙戌运冲开辰墓母亡，有个后妈，身旺偏不爱干活，读书散慢小学文化，三分钟热度新鲜，无耐心，两伤官一劫露出，目无法纪，说话嘴尖利不留余地，针对性强，好斗，好投机取巧，行到甲申比杀运，丙申流年被人砍伤手，到2023年脱运自制毒品被佛山三水官方拘留，2024年交癸未墓运，正坐牢于今天（2026年4月2日）17点回到我铺，解官非拁锁被我打开书教育了一翻。之前有牢狱的案例，大家可以参考：乾造：乙亥?丁亥?甲辰?丁卯（空寅卯）胎元：戊寅??命宫：己卯大运：丙戌1?乙酉?甲申?癸未?壬午?庚辰甲辰日元生丁亥月，印星当令月上透伤官，地支双印当令，时上丁卯，羊刃助身，亥卯半会，命宫又是羊刃，身强旺。时上伤官丁火，羊刃透天在乙，伤官月时伏吟。可惜伤官在卯病地，在亥死绝之地。伤官生财，生不了财，只能卯辰穿，羊刃是八字命理?“极恶之煞”，羊刃起到负面作用，代表刻薄冷酷，以怨报德，反复无常，难以自控，常因一时之气酿成大祸?。一眼穷的八字，老婆不一定有，学历不高，打工，当时我只瞄一眼，脑子里答案出来。年月印星过旺，母夭命。读书时乙酉运，卯酉冲，羊刃制官，从小是个小混混，小学文化。两个伤官夹身，伶牙俐齿，尖酸刻薄。行西方运，财无气，食伤虚透，没有老婆。丙申运，癸卯年，食神制不住杀，反受其累，卯辰穿财，想捞偏门挣钱，自制毒品被抓住牢狱。有交流的请在下面留言。反受其累，卯辰穿财，想捞偏门挣钱，自制毒品被抓住牢狱。有交流的请在下面留言。子平术学习需要找到志同道合的易友，一起实战研究。大龙研究三十余载，欢迎交流学习。
6,6,5,5,3,5,6,2,1,乾己巳戊辰丙辰己丑,2,"伤官伤尽最为奇,富贵荣华入朝堂，很多易友听讲这句话，但实际运用中，不一定准确。所以在运用中还要注意细节。伤官伤尽指伤官当令，天干伤官透出，其他干支没有一个官星，或地支藏正官但被制，称为伤尽。如有正官透干叫伤之不尽，八字混杂不清另当别论。今天看一看丁老师提供的案例，伤官伤尽，无官星明透，不多见。正科羊刃驾杀市委书记省高院院长，食神制杀39岁壬寅升正厅，四年后命主父亲反馈合官得官正处，五千万厅级伤官配印，几群无断对，到处讲假反馈文化馆科长官印相生，几群无断对乾造：己巳?戊辰?丙辰?己丑（空子丑）胎元：己未?命宫：丙子大运：丁卯8?丙寅?乙丑?甲子?癸亥?壬戌?辛酉?庚申丙辰日元生戊辰月，食神当令月上透食神，年时透伤官，地支火土相生，食伤当令得势。日空子丑，辰是官杀库，上面透戊，克尽官星。典型的伤官伤尽，不见财官，年上见禄，日元有气。问什么职业？答：老师。实际是公务员正科。初运丁卯丙寅，正是求学。年上禄元有根，行印运生禄，读大学没问题。89年如果没文化，吃皇粮基本不可能。食伤从禄中透，所以我断是考虑是事业编。食伤成势，用食伤代表用思想，用嘴吃饭，所以断老师。以反馈看，座辰土官杀库，更多体现的是制官杀库，当官。伤官伤尽最为奇，这个命盘，是制尽官星入朝堂。子平术学习需要找到志同道合的易友，一起实战研究。大龙研究三十余载，欢迎交流学习。"
8,10,4,10,8,2,4,10,1,乾辛酉丁酉辛丑丁酉,2,这是神州老师带来的一手命盘，问那年结婚？可以不夸张的讲，基本是灭群。命主本人会点命理，此盘发出来，只有一个人断出35岁之前不会有婚姻。命主主要信息，我基本断对。家境普通，有一哥，大专，110接线员，15结婚16离，19二婚娶离异带孩女，目前没有亲子。命主精子质量不高。之前发表的比劫一片案例，有兴趣可以参考：乾造：辛酉?丁酉?辛丑?丁酉（空辰巳）胎元：戊子?命宫：己亥大运：丙申5?乙未?甲午?癸巳?壬辰?辛卯?庚寅辛丑日元生丁酉月，建禄格月上透七杀，地支三禄又座印比劫库，非常明显，身强旺太过，月上七杀，时上七杀，七杀无根，遇而不遇。“禄”在八字中代表福禄、俸禄，主稳定的财富与地位。它象征着粮米，意味着生活中的物质保障和富贵之相。“禄多则贫”并不是说福气本身不好，而是指当福气过多时，五行失衡反而孤寒贫贱，此时禄是比劫夺财。总体而言，此造无生发之气，克妻克子。问婚姻？答：甲午庚寅年，反馈是乙未年。甲午年放在前，是我认为，甲午年是最大可能。出题老师认为要乙未年才算对，答甲午没有反馈，后面又断几次。实际上婚姻应期，是某几个可能流年，上下一年很正常，四同的人，结婚不可能同一年。甲午运，财生杀旺，命不见财，七杀当财看。甲午年，七杀见禄，有结婚象。实际乙未年，未冲丑，去印动妻宫结婚。癸巳运二婚，娶二婚带小孩女，甲午运，杀见禄，又是财生，必然有小孩。丁克酉，丁见禄，月酉必然受不住离婚，甲是正财当妻看，癸巳运遇到的是二婚女。子平术学习需要找到志同道合的易友，一起实战研究。大龙研究三十余载，欢迎交流学习。
7,11,1,9,7,9,1,9,1,乾庚戌甲申庚申甲申,3,这个八字，是群中一位易友提供，点射层次，辛丑年何事?当时分析这个八字，发财的命，申时千万层次，命盘没有出生的时间，又点射，未时上亿的格局。千万，未时亿，当时打了这几个字，在分析辛丑年，看到反馈，同步将我答案发了。只有两位老师参与，没想到反馈这样快。后面思考这个八字，验证，个人认为是未时，第二天找发八字的老师，问到这个不是一手八字，命主汽车行业。后面百度，经过多方查找，确定是吴钢，19年生病，也不是突发心梗。命理研究很严谨：不但在于分析命理，还在于对八字的来源，找到出处，才能更好验证。只有踏踏实实学习研究命理，才能面对客户时断准八字，给客户排忧解难。命理界的耻辱，古镇一嘴骗子，大家要引以为戒，坑蒙拐骗只能一时。之前发表的亿万富翁案例，有兴趣的可以参考：乾：庚戌　甲申　庚申　甲申（空子丑）胎元：　乙亥??命宫：丁亥大运：　乙酉11　丙戌　丁亥?戊子?己丑庚申日元生甲申月，财虚透，时上甲申伏吟，食神藏而不显，年上比却克财。财星很弱，不见食伤，初看此命，无一点富贵之象。胎元，命宫丁亥，食神见根，财又长生，富贵峰回路转，一路西北大运，断千万。因不知具体时辰，这种点射八字，都是非常有特点的。再看癸未时，伤官泄秀，未又是财库，财库的财巨大无比，所以断癸未时亿万富豪。反馈是亿万，大龙盲派所断如所见！这应该是癸未时的八字。以命相看，应该是丁亥运发达，后面百度查阅资料，确实是丁亥运开始发达。以甲申时看，己丑运，也不会亡。癸未时，确实是死亡的象。具体癸未时死亡，有兴趣的易友可以自已研究。子平术学习需要找到志同道合的易友，一起实战研究。大龙研究三十余载，欢迎交流学习。
10,8,6,8,10,2,10,2,1,乾癸未己未癸丑癸丑,3,这是易友的一手盘，发出来实战。之前在古镇一嘴骗子群里，古镇一嘴给他父母算成卖菜贩，他不愿意假反馈顺着古镇一嘴骗子，真反馈后被踢，这是很好的案例说明古镇一嘴骗子不学无术。天干虽三癸虚透，只能弃命从杀，下面是我在实践中关于弃命从杀的心得：日干极度衰弱且无根的情况下，同时四柱中官杀星众多且力量强大。在这种格局下，命主为了生存和发展，不得不顺应官杀的气势。其核心在于日主极度衰弱，缺乏生扶之力（如印绶、比劫的帮助），因此只能舍弃自身的五行属性，选择“从杀”，即顺应强势的七杀（偏官）之气。之前发表的出贵案例，有兴趣可以参考：伤官配印硕士，父母双贵伤官配印，一家三口全是官命省高院院长，食神制杀39岁壬寅升正厅，四年后命主父亲反馈合官得官正处，五千万厅级伤官配印，几群无断对，到处讲假反馈文化馆科长官印相生，几群无断对乾造：癸未?己未?癸丑?癸丑（空寅卯）胎元：庚戌??命宫：辛酉大运：戊午12?丁巳?丙辰?乙卯?甲寅癸丑日元生己未月，七杀当令月上透七杀，地支七杀一片，丑未冲，丑中辛坏，天干三癸虚透，月上七杀己土专权统局。印坏癸水只能顺旺气七杀，命局弃命从杀，水土二干不杂，有层次。古镇一嘴骗子为什么算命主家里卖菜的了？它认为用食神制杀，未是食伤库，木库是菜地，卖菜的。初运南方财地，财生杀旺没有悖命局，学历本科。断家境富贵自己出贵，实际父母当官，自己吃皇粮。命主非常认可大龙盲派命理实力，不是古镇一嘴骗子自吹自擂。子平术学习需要找到志同道合的易友，一起实战研究。大龙研究三十余载，欢迎交流学习。
4,6,7,11,4,8,10,4,2,坤丁巳庚戌丁未癸卯,2,这是出题老师熟悉的人一手盘，一个问题接一个问题，我发了主要的事情。这就是盲派的过三关，没有点实力，玩不转。比起古镇一嘴骗子用托小号，让人假反馈，大龙可以秒杀古镇一嘴骗子。命主主要信息：家境一般，大学毕业后先在县里电视台当编辑记者，后面是中层。大约在2021年分流到乡镇。2000年结婚，当年离婚，02年左右再婚到现在，一个男孩，去年或者今年大学毕业，现在的县级电视台发不下工资，然后县里出台个政策，让他们考试分流到乡镇，然后在那里按时发工资，乙巳年一直为晋职称烦恼，乡里不给她晋，同年左手食指被电锯或者利器截断，去洛阳正骨医院做手术两次未能接好。正科羊刃驾杀市委书记省高院院长，食神制杀39岁壬寅升正厅，四年后命主父亲反馈合官得官正处，五千万厅级伤官配印，几群无断对，到处讲假反馈文化馆科长官印相生，几群无断对坤造：丁巳?庚戌?丁未?癸卯（空寅卯）胎元：壬子?命宫：甲辰大运：辛亥8?壬子?癸丑?甲寅?乙卯?丙辰丁未日元生庚戌月，伤官当令月上透财，庚金座戌，秋金有气，伤官生财，财很旺年上丁巳比劫助身，座下未土食神，食伤泄身太过。时上癸卯，杀来生印，伤官配印，卯戌合制伤官地支不见财，不过日空寅卯，印禄空，层次不高。问职业？早年行北方运，官杀生印，考上大学没问题。70年生人，读大学会有分配，中年行印运，印无损，断公务员。问婚姻？断二婚。食伤当令克官，婚姻不好，月上庚戌，戌是比劫库，财当夫看，年上比劫克财，一婚是庚财立不住。时上癸卯杀来生印，印为喜，这一婚可以长久，癸杀是二夫。命中伤官配印，印不强，好在杀印相生，一路不悖，能吃皇粮。子平术学习需要找到志同道合的易友，一起实战研究。大龙研究三十余载，欢迎交流学习。
5,1,9,11,7,1,3,11,1,乾戊子壬戌庚子丙戌,1,这是感恩乐天老师提供的身边盘，2008年出生，问学业，出生，特殊之处，寿命。14岁的小朋友问寿命，有些惊讶，命主必有特别之处，这么小身体应该出问题。乾造：戊子?壬戌?庚子?丙戌（空辰巳）胎元：癸丑?命宫：辛酉大运：癸亥5?甲子?乙丑?丙寅?丁卯?丙辰庚子日元生壬戌月，枭印当令月上透食神，天干年上戊子时上丙戌杀来生印，枭印夺神。地支双子双戌，戌当令日座伤官，食伤制不住，只能用食伤泄。月上壬食制杀，但年上戊枭来克就是问题。问了四问，我看主要在特殊之处，解决了这个问题，其它都简单。这么小食伤有病，食伤是水。八字看疾病，主要通过命局的五行对应人体五脏：水肾、泌尿系统、生殖系统，血液。胎元癸丑，子丑合克伤官，应该在娘胎里，命主就有问题。戊在年上，指头部。所以答是先天性病，头脑血管之类。反馈脑瘫很符合。命理看疾病只能看大概，因为有的病，很难用那一五行去定义，这我问过一些中医。而我们研究命理，只能看出那个五行受制严重，从而知道在什么时候应灾，这就是学命理超吉避凶的意义。各位易友，八字看疾病，有什么心得可以留言交流。子平术学习需要找到志同道合的易友，一起实战研究。大龙研究三十余载，欢迎交流学习。
10,12,1,3,5,3,9,1,1,乾癸亥甲寅戊寅壬子,1,出生在23：00到1：00之间是不是在纠结，日柱要怎样定？今天通过案例说明，在未反馈前，我已经算出不同日柱的吉凶，供大家参考。命书中将晚上23：00后出生，归结于第二日，采用第二日的日柱。多数排盘软件，采用这种方式，以至于好多学习命理的易友，不知早晚子时，而盲派引入早晚子时的概念：晚子时晚上23：00到0：00出生，日柱用当天，如甲子日生，则是甲子日庚子时早子时0：00点到1：00点出生，日柱用第二天，如甲子日过0：00生，则用乙丑日庚子时。两种排法，在晚子时产生区别，早子时一样。子时为阴极阳生之刻，午夜零点被视为“阳气初生”的起点，象征新一天的开启。从命理角度看：子时为?阴极阳生?之刻，象征万物萌动、气运初启，盲派讲子时代表过去，现在，未来，确有“神仙难断”之说，因其处于过渡态，能量未定。若日柱判断错误，整个八字格局、用神选取、大运起法都可能偏移，直接影响吉凶推断。希望通过下面案例，各位易友能够正确理解早晚子时，反馈结果有，命盘在，大家可以复盘。之前发表的时辰相关案例，有兴趣的可以参考：?命主出身在23：36分，以早晚子时，有两个盘，日柱不一样? ??早子时：乾造：癸亥?甲寅?戊寅?壬子（申酉）胎元：乙巳命宫：乙卯大运：癸丑5?壬子?辛亥?庚戌?己酉?戊申戊寅日元生于甲寅月，七杀当令，月干透出甲木七杀，年上癸亥，时上壬子财星有根强，生月上的杀，杀星强旺。只能靠座下寅中丙印苟活，但是地支亥寅合，坏寅中丙，必然层次低下。晚子时：乾造：癸亥?甲寅?丁丑?壬子（申酉）胎元：乙巳命宫：乙卯大运：癸丑5?壬子?辛亥?庚戌?己酉?戊申丁丑日元生于甲寅月，印星当令，月干透出甲木正印，年上癸亥，时上壬子官杀混杂，好在一印化万恶，命不见财，格局不坏。地支寅亥合，子丑合，都是制官杀。官杀有制，有层次。问庚戌运戊戌年何事：当时发的是早子时戊寅日盘，前面北方财运，财越重体越弱，受不了这么重的财，婚不成，庚戌运制杀助身克财，必然有财之喜，动婚发财。如是晚子时丁丑日，前面行官运，必利事业。庚戌运，财星透伤官生财，财来坏印财生官，必然大凶。戊戌年伤官生财，财克印见生死或牢狱。反馈是牢狱，足浴城老板。各位易友可以根据反馈结果，再验证。在没有反馈前，能提前判断出两种结果，这需要深厚的命理学功底，不是一时半会儿可以达到。子平术学习需要找到志同道合的易友，一起实战研究。大龙研究三十余载，欢迎交流学习。
4,10,10,2,6,2,2,2,1,乾丁酉癸丑己丑乙丑,2,群太多看不了几个群，特别我自己建立大龙盲派公众号粉丝群，大部时间在粉丝群。其它群，除了特殊盘，一般不会断。巳火耀明，之前在它群里呆过，看它实断过，水平太菜。这两个案例它发在其它群里，它发出来，自己讲好多学生在群里，之前给学生公开课讲过。这种水平还带学生，它自己马后炮整不明白，教学生？？可想而知，当前的命理界，这样的大师不是个例，命理水平低下。很简单逻辑，我盲断出结果，难道不如它一个马后炮？还要我讲易理，真的搞笑。据说丁酉造是郝金阳生前断过案例，有了解的可以留言，我对郝金阳不了解，但是段建业当年为了割韭菜，发明的做功，真是害人不浅，盲派自古无做功一说。可能23年在段建业建的一个群里玩过，段建业收费200，在群里公开给人算命，群里好多人骂它，算错的多，对的少。这两个案例，地支三连，偏枯混杂有学习研究价值，分享出来，大家可以参考。正科羊刃驾杀市委书记省高院院长，食神制杀39岁壬寅升正厅，四年后命主父亲反馈合官得官正处，五千万厅级伤官配印，几群无断对，到处讲假反馈文化馆科长官印相生，几群无断对乾造：丁酉?癸丑?己丑?乙丑（空午未）胎元：甲辰?命宫：癸卯大运：壬子3?辛亥?庚戌?己酉?戊申?丁未?丙午己丑日元生癸丑月，比劫当令月上透财，地支三丑伏吟，生年上酉食。土重用食伤生财，而年食酉上透丁枭印，印来坏事，好在月癸财来克丁枭。有病有药，格局清纯。早年行北方运，财星得运，制尽印星，正是读书时，必然有学历，中年行食伤运，生财制杀，必然发贵，所以我断是吃皇粮。乾造：戊申?庚申?庚申?丁丑（丙子）（空子丑）胎元：辛亥??命宫：庚申大运：辛酉8?壬戌?癸亥?甲子?乙丑?丙寅庚申日元生庚申月，比劫当令月上比劫，地支三申伏吟，时上丁丑，二土五金。时上正官丁火虚透，年月日时无气，必然无用。只能用申中壬水食神。独官要制，食伤不明见，层次不高。之前发表的时辰相关案例，有兴趣的可以参考：我看到盘时，第一反应是丙子时，发然发富贵。因为子水伤官泄三禄，而丙杀透，必然被制，见了食伤制官杀有力，中年行北方运，发富贵。巳火耀明不知从那里翻书，讲丁丑是印带官帽，所以当官。这种假大师，带了很多学生，只会搬书，不知其所以然，马后炮都不会，无论它所谓的官帽是要用官还是制官，命局大运都不能解决。没行南方运，官无扶无用。只能制官，行北方运，年上戊印，地支丑印都可以制食伤，官制不了，那来的检查长贵？通过这两案例，我们在学习命理时，一定要求真务实，不是浮于表面，书上套一句口诀，算对不知其理，算错不知其所以然。子平术学习需要找到志同道合的易友，一起实战研究。大龙研究三十余载，欢迎交流学习。
6,8,4,4,5,11,1,3,1,乾己未丁卯戊戌甲寅,0,这是4月15日八字实战群508期的打擂题，当时看八字原命寿不长，大运流年都有死象，断死亡，后面反馈没有死。4月23日，艾草天医老师反馈命主天4月19日去世，农历三月十一，戊辰月甲寅日。艾草天医老师，认识有四年多的易友，一起打擂，六爻八字都很精通，感恩艾草天医带来的一手八字与详细反馈。大龙盲派八字实战群，其它案例：乾：己未　丁卯　戊戌　甲寅（空辰巳）胎元：戊午?命宫：乙亥大运：丙寅9　乙丑　甲子?癸亥?壬戌戊戌日元生丁卯月，官当令生丁印，年上比却助身，日上甲寅，藏官透杀。粗看八字，杀印相生，发富发贵。实际上群里很多老师，断的好命，所以当天的成绩不太理想。细看命局，卯戌合，用体合官，甲己合，阳刃架杀，都是合制官杀。卯戌合，丁从戌中出，墓中的丁火在卯月，是虚透，年上阳刃分印，时上甲寅，七杀在卯月旺极，这点丁火化不了杀，所以格局不高，富贵无缘。层次温饱，自由职业合同工。命书讲座下比却克妻，而此造用座下的体合制官，命不见财，财不坏印，所以一婚。所谓书房派断命，肯定不行。流年主要讲下壬寅，癸卯年。命局喜印忌财坏印，癸亥运，癸水克丁印，寅亥合，加强七杀的力量，寅亥合寅中的丙火也坏，整个命局大运体现的财杀克身，阴灭阳，禄尽。命局阴被制尽，阳被制尽都是死亡之象，学命者不可不察。壬寅年，丁壬合，财来合印，生杀，所以是投资破财。癸卯年，癸克丁，与大运癸伏吟，是同一象。卯戌合，座下体受制。卯与月上的卯也是一个象，不过丁卯生月有印化，癸卯财来坏印，断的死亡。当时反馈是脑溢血，只能卧床，艾草甚至没有反馈命主有死亡之兆。那是4月15日，4月23日反馈，农历3月11命主已经去世，甲辰年戊辰月甲寅日。富贵在天，生死在命，多行善事。德行够，遇到高人指点，也可能是另一结局。大龙盲派八字实战群，玩的就是公平公正公开，易学圈子不大，相信很多易友听说过，期待能在易学道路相向前行。共同学习，不断提高命理水平。子平术学习需要找到志同道合的易友，一起实战研究。大龙研究三十余载，欢迎交流学习。
2,8,9,7,8,2,6,12,1,乾乙未壬午辛丑己亥,1,这是天赐俸禄老师带来的案例，一位盲师，眼睛是后天瞎，反馈详细，下面主要反馈：在一九五五年农历夏天，四月十九日，这天非常热，人们都在乘凉时，晚上二十一点至二十三点期间，一个男孩来到了这个世界上，家里父亲，母亲，哥哥，姐姐，都很高兴。这个孩子出生在农村，父亲，母亲都是农民，家庭条件平常。父亲一九九六年因病去世了，母亲二零零二年去世了。这个小男孩到了八岁的年龄了，突然，老天爷给这个孩子降了灾星，开始得病了，病总算治好了，但给他从此落下了终身的痛苦，左边的一个眼睛失明了，当时的医疗条件也不好，怎么治也没有治好，小小的年龄，是一个小帅哥，就剩下一只眼睛了，在非常的痛苦之中，开始上学了，当上到小学三年级的时候，也就是本命十一岁那年，老天爷又给他降灾星了，又得病了，剩下的一只眼睛又失明了，从那时起，此命就双目失明了。本命学历只是小学三年级。此命双目失明后，怎么办呢？父亲给他先后请了三个老师，教他学算卦，一学就是十几年。到本命二十六岁才开始出徒，给别人算卦，二十六岁前，因当时社会关系，不能公开给别人算卦，二十六岁后，到了一九八零年，慢慢的才给别人算卦，当时的卦礼钱是，一卦零点二元，也就是两毛钱。现在算一卦命，是二百元。本命二十六年开始，一直到现在算卦。本命财运:一生就是平常财运，生活条件还是很好的，本身是残疾人，国家给钱，自己还不少挣钱，处于小康生活水平。婚姻:本命自从父母双亲去世后，和哥嫂一起生活，吃饭，住屋都是哥嫂着顾，他所挣的钱，大部分都给哥嫂的孩子们上学等花了，自己也留了一小部分。一直到了二零一七年，本命六十三岁，农历四月十八日，才正式结婚，妻子比本命小几岁，二人夫妻感情非常好。本命无儿无女，妻子有自己的亲生儿女，都生孙子了，本命现在身体很好，无任何毛病。乾造：乙未?壬午?辛丑?己亥（空辰巳）胎元：癸酉?命宫：戊子大运：辛巳2?庚辰?己卯?戊寅?丁丑?丙子?乙亥辛丑日元生壬午月，七杀当令月上透伤官，时上己亥，印从午中透，杀印相生，可惜年上乙未，财来坏印。财有伤官生，座未通根，不弱。土支午丑穿，杀穿坏比劫库，丑未冲加重午丑穿。中年行运不悖，命局可以。问壬寅，乙巳，结婚流年，没答对。子平术学习需要找到志同道合的易友，一起实战研究。大龙研究三十余载，欢迎交流学习。
8,10,8,2,5,9,3,5,2,坤辛酉辛丑戊申丙辰,2,感谢云庆老师提供案例，这是真人真事，一手的案例。大千世界，无奇不有。命主母亲打电话给她，让她回家父已经脑梗。结果她先问了曾经认识的路边摊算命先生，算命说命主父亲说没事，她就没着急，硬是耽误了一个半小时，到家父亲都硬了。奇葩的人，这是多迷信才有这种神操作。一个正常人，常识要有，网上好多易学骗子，百分百准。怎么可能？谁考试每次一百分？所有付费预测的，我会先讲，算命不是录像回放，不可能百分百。之前的父母亡案例，有兴趣可以参考：坤造：辛酉?辛丑?戊申?丙辰（空寅卯）胎元：壬辰?命宫：庚子大运：壬寅4?癸卯?甲辰?乙巳?丙午戊申日元生辛丑月，比劫当令月上透伤官，年上辛酉伤官座下食神，食伤泄身太过。时上丙辰，印透生身，丙辛合，辛从丑中出，印无力虚透，格局不高。问丙午运丙午年辛卯月什么事？答：死亡或重伤。反馈是父亡。丙午运丙午年，丙辛合午丑穿，伤官受制太过，午是羊刃穿食伤库，当时考虑食伤受制，午是羊刃主伤灾，答了命主自己。实际不见明财，辛当财看，丙辛合制伤官，伤官被制死，辛生丑中癸，癸是父，父亡。午火穿，心脑血管脑梗。命主为什么这么奇葩？命中还是有，食伤太重，丙辛合，丙印有化水之意，思想另类。因为没有其它反馈，这命婚姻不好，克夫之象。子平术学习需要找到志同道合的易友，一起实战研究。大龙研究三十余载，欢迎交流学习。
3,7,8,2,5,1,5,7,2,坤丙午辛丑戊子戊午,0,八字看疾病，用五行来定位，这是中医的核心逻辑，但是有的病很难用五行去定，如淋巴，命理上无法通过五行定位。此命是金水受制，水肾、泌尿系统、生殖系统、血液，好理解。算命看死亡?，是命理学中从古至今的难题。传统命理通过分析个人命盘的喜忌，结合八字、大运、流年等信息，来测算一个人的生命走势与潜在危机流年，从而推算出大凶的流年，达到风险规避，求得一线生机。人类历史从没有人没有死，死亡是永恒，但是人的生命随着医疗水平提高，人的寿命在增长。古代一个人可能四五十岁是平均年龄，现在七八十岁。因此算命看寿元应该与时俱进。唯一不变的是，命局与大运流年，引起五行失衡严重，最终导致死亡。坤造：丙午?辛丑?戊子?戊午（空子丑）胎元：壬辰?命宫：戊戌大运：庚子8?己亥?戊戌?丁酉?丙申?乙未戊子日元生辛丑月，比劫当令月上透伤官，年上丙午，时上戊午，火土一片。天干丙辛合制伤官，土支双午穿丑，丑中辛坏。子午冲，财来坏印，而天干丙火生时上戊土，比劫旺暗克财，整个命局混乱偏枯，五行失衡，很凶的命盘。问癸卯年何事？断：死亡。反馈是血癌去世。乙未运癸卯年，子未穿财星受制，要出凶。癸卯年，癸是子透在天，戊癸合，比劫克财，卯午破，午中己土受制，但是到夏天，火土旺，木不能制土反生火，火再生土，正常是在夏天去世。算命的意义在哪里？既然癸卯要去世，实际在辛丑流年，子丑合身体开始病变，如能在开始时介入，结果不会一样。怎样能得到这种改变的机会？找算命大师改命？这些假大师改命只是骗钱，不要上当。想要改变，只能通过自己日积月累，行善积德，改变自身磁场或者说因果，有可能可以改变。所以大龙盲派，从不会通恐吓改命再收费。各位易友，八字看寿元，有什么心得可以留言交流。各位易友，八字看疾病，有什么心得可以留言交流。子平术学习需要找到志同道合的易友，一起实战研究。大龙研究三十余载，欢迎交流学习。
4,2,3,7,9,7,3,7,1,乾丁丑丙午壬午丙午,3,我朋友圈3000多易学好友，各类命理案例很多，互动很少。很案例都是易友们的得意作品，甚至命理心得分析。有些我有不同观点，不是很熟不方便深入探讨，所以一般很少交流，多数点个赞。今天这个案例，很偏枯6个财星弃命从财格，所以交流一下。这是第二例从朋友圈看到的案例，发到公众号。易友的个人信息打码，我未问过别人，但是没有任何个人信息，不会给易友造成困扰。之前朋友圈发过来的案例与大富案例如下，有兴趣可以参考：乾造：丁丑?丙午?壬午?丙午（空申酉）胎元：丁酉??命宫：乙巳大运：乙巳1?甲辰?癸卯?壬寅?辛丑?庚子?己亥壬午日元生丙午月，财星当令月上透财，时上丙午，年上透丁，丁壬合财，天干财星成势。地支三午一丑，午穿丑，丑中癸辛坏，日元只能弃命从财。这是典型的从财格?“?日主极弱无依，弃命从财?”，即命主自身力量衰微至极，无法承担财星的消耗，只能顺应其势，方能成就富贵之格。主要点在于1，日柱弱，无根无扶无印。2，财星当令，命局中最强五行，成局成势，满盘是财。3，财星透干，支藏干透，气势冲天。命局比劫虚透，或者有印星，这些忌神在大运流年引动，必在大破，所以从财格偏枯，绝大多数不能善终。家境，年上丁丑，丁在丑湿土被泄，破旺财之气，断普通，反馈普通。学历，早年行东南运，食伤透生财，本科，反馈是本科。弃命从财入赘合理，午当令从月伏吟到日时，壬午自合，午是老婆，财重断大几千万，反馈有，按现在运势，上亿没有问题。命局从财格完好，是可以发巨富，而且取财容易，好命。不过如忌神伏藏，人生会大起大落，甚至一无所有。子平术学习需要找到志同道合的易友，一起实战研究。
9,7,9,3,5,7,6,8,1,乾壬午壬寅戊午己未,3,这是务实老师提供的一手案例，好像是他一堂弟，反馈与八字很靠谱。大龙公众号粉丝群：很多都是易友身边人的盘，命师提供的一手案例，适合真正喜欢研究命理学的易友。好的案例，我会在群里用语音连线的方式，组织大家互相交流学习。大家畅所欲言，没有神，没有权威，命理可以求同存异，但不可人身攻击。命主主要信息：父母有贵，家产千万左右，自己考的大学三本，目前是基层的公务员，政法系。正科羊刃驾杀市委书记省高院院长，食神制杀39岁壬寅升正厅，四年后命主父亲反馈合官得官正处，五千万厅级伤官配印，几群无断对，到处讲假反馈文化馆科长官印相生，几群无断对乾造：壬午?壬寅?戊午?己未（空子丑）胎元：癸巳??命宫：戊申大运：癸卯5?甲辰?乙巳?丙午?丁未?戊申?己酉戊午日元生壬寅月，七杀当令月上透财，天干年月二财，地支不见根虚透，时上己未，比劫克财。地支寅午半会杀印相生，午未合合官杀库。有杀先论杀，七杀当令不能财再旺，地支不见财，印不坏。天干制财，地支化杀，格局不破，杀印相生，很好的局。问家境与职业？答：小富事业单位。印为生身这本，问家境先看印星，初运癸卯甲辰，印星得扶，必然家境优渥，千万身家，胎元癸巳，娘胎里开始享福，富二代。早运读书，印星无损本科。杀印相生吃皇粮，断了事业单位，实际是公务员。当时看年上壬午财坏印，印有小损。现在对照时上比劫克财，印无损政法公务员。子平术学习需要找到志同道合的易友，一起实战研究。大龙研究三十余载，欢迎交流学习。
9,7,8,12,10,4,8,10,1,乾壬午辛亥癸卯辛酉,2,群里实战过三关，无论大师讲什么，过三关马上见分晓。盲派过三关，主要指父母过，兄弟关，妻财子女。现在问兄弟的少，一般开始断家境，学业，婚姻。今天这个案例是2026/4/17日刚断，有代表性，发出来各位易友研究。?枭神夺食?是特殊的凶格，大家都知道。于?偏印（枭神）无情克制食神?，导致福气、才华、健康、子女等被压制或损耗。什么情况是偏印？什么情况是枭神？不一定大家都知道。命盘体旺喜食伤泄，而印夺食是枭神。命盘官杀重，喜印化杀生身是偏印。之前整理的过三关案例，有兴趣的可以参考：?乾造：壬午?辛亥?癸卯?辛酉（空辰巳）胎元：壬寅??命宫：己酉大运：壬子3?癸丑?甲寅?乙卯?丙辰?丁巳?戊午癸卯日元生辛亥月，比劫当令月上透印，天干两辛一劫，金水得势。地支自座食神，生年上午财，可惜时上辛酉，印冲食神。生旺用食泄秀，而辛克食，偏印是枭神。命局最凶格局之一，枭神夺食。木火相依早年行北方运，金寒水冷，木无生发，必然学业不成，断高中，实际初中。命主实际不爱学习，学不进，02年生人早早下学。金水得势，年上壬午，午是父亲。卯食生财而酉冲卯，孤财无辅，父母关系不好，命局财星受制太过，父母离婚。枭神夺食人糊涂，自己讲没有，断技术工，25，26顺利挣钱，反馈没有。我讲是比之前顺利，反馈是。可见人是有些糊涂，答非所问。为什么父母离婚是跟父亲过？各位可以自己研究，欢迎有问题留言交流。子平术学习需要找到志同道合的易友，一起实战研究。大龙研究三十余载，欢迎交流学习。
2,12,1,9,10,6,5,7,2,坤乙亥甲申癸巳戊午,2,这是之前二柱断命的后续，最近看到她发的八字，补全了四柱。当时靠两柱断出要嫁大很多的老公，老公千万，流产打胎。反馈嫁86年一男，千万家产，车模嫁人后退出行业，老公为娶她，送几套商铺共小几百万。往事不堪回首，车模依然有自己的倔强，用她的话讲：她不是一般人可以碰到。当时知道日柱癸巳，戊癸合之像，断老公大好多岁。戊癸合无情之合，?老少配象。戊土为阳土，象征年老、稳重甚至貌丑的男性；癸水为阴水，象征年轻、灵动或貌美的女性。两者相合为“老夫少妻”或“老妻少夫”，因年龄差距大与传统观点相悖，是“不般配”，故称无情。??戊的禄是巳，是癸水的财，癸要自合巳，所以双方带有利益的结合，因利而合，因利而分，可以同甘不可以共苦。之前有趣的女盘案例，有兴趣的可以参考：坤造：乙亥?甲申?癸巳?戊午（空午未）胎元：乙丑??命宫：己卯大运：乙酉4?丙戌?丁亥?戊子?己丑?庚寅癸巳日元生甲申月，印星当令月上透伤官，年月天干食伤混杂，戊癸合而食伤制官，这是矛盾的象。地支巳申合，用印合财，而亥冲巳，亥是体，代表竞争，劫取。乙在亥是死地，甲在申是绝地，食伤不能生财，用自己去合财官，这很明显了。车模，这职业好，大家都明白。读书行丙戌运，丙透戊到，财来坏印，必然无心学业，能读高中就到头。财到桃花早开，早出来挣钱，因为食伤不行，车模能成功吗？肯定不行，三流都难。时上戊午，官座财，老公有钱。夫宫是巳透戊自合，而年上亥冲巳，年上亥是巳的第一妻，不用反馈，此造是填房命，老公必是离异。丁亥运财到动婚，二柱时断壬寅，寅冲申印被冲结不了婚，癸卯年，食生巳火结婚，按理甲辰年生女。年亥是比劫是表姐朋友，亥上乙死，只能冲财，所以她的朋友无利益可以，有利益是劫财，都要分道扬镳。表姐小时候与她关系很好，一起玩，好的衣服可以一起穿，礼品是双份。后面遇到一个老板，两个人都喜欢钱，与表姐闹翻不再往来。戊子运婚姻会怎样？有兴趣的易友可以研究。表姐八字坤：癸酉　丙辰　己卯　戊辰有兴趣的易友自己研究，我断她表姐壬寅结婚，反馈壬寅有男友，估计明年结婚，表姐是风尘女。子平术学习需要找到志同道合的易友，一起实战研究。大龙研究三十余载，欢迎交流学习。
4,6,3,7,3,7,2,8,1,乾丁巳丙午丙午乙未,1,这是李群主提供的一手案例，命主是他朋友。老李人品没话说，除了桃花多，发的案例全是他自己身边人，介绍他亲弟找我预测，主要是他发的盘，我断对很多。一个人的命盘，能断准几代六亲？爷爷奶奶，外公外婆，叔叔姑姑，舅舅阿姨这些能断出？命主自身的重大吉凶都断不出，亲生父母那年去世都无法断出，那年结婚无法断出，谁能算出那些？全网我只见过古镇一嘴骗子，可以断出，因为古镇一嘴骗子开口不是父方死伤，就是母方死伤，都没有是命主活错，改时辰，还没蒙对，改日子。我还遇到极品，算你父母属相，爷爷奶奶属相，我说算不了，被踢了。之前比劫重的案例，有兴趣的可以参考：乾造：丁巳?丙午?丙午?乙未（空寅卯）胎元：丁酉?命宫：甲辰大运：乙巳5?甲辰?癸卯?壬寅?辛丑?庚子?己亥丙午日元生丙午月，比劫当令月上比劫，年上丁巳明六火，火炎土燥。时上乙未，双午合未，未从火象可以认为是七火，透印乙木，尽管命局偏枯，但是可以用水来克火？土来泄？肯定不能，只能顺其旺势，从其火炎，一旦相激，必然结束。命主江西人，初中，父母双全，约05年结婚生女，两个女儿。开农资店，卖农药化肥种子农用器具。积累财富百万左右，乙巳年发生两件事，一是兄弟去世，二是投资给一老板，老板成植物人，钱没了。目前负债，自己有帕金森病，目前五十没有。总体比劫一片不克父母，克自己与兄弟，过旺之处必有祸害，这是没有争议，多数应在父母身上，少数应在兄妹自己。早年行甲辰运，辰土泄旺气，断学历不高是初中。断05年结婚，癸卯运官透，子女星现，必然有婚恋之象，乙酉年财来坏印，当是结婚。问乙巳年何事？答：心脑血管，癌。实际是兄弟去世，破产负债。辛丑运，丑午穿，午是妻宫座下，自己必然出事。丙午伏吟，是兄弟是自己。所以兄弟亡，自己破产。心脑血管，帕金森病是其中一种情况，这是别人讲的，五行上我不好定。子平术学习需要找到志同道合的易友，一起实战研究。大 龙研究三十余载，欢迎交流学习。
8,6,9,5,8,12,10,6,1,乾辛巳壬辰辛亥癸巳,2,这是Watson老师提供的一手案例：命主父亲是公务员，出轨有私生女，说明命主有同父异母的妹妹。本科学历，现在国企航空，工作是飞行员，正常收入四五十万一年有，是普通打工人中高薪工作之一，飞行员对身体指标，视力，病史要求很高。伤官制官是八字命理中的一种特殊格局，官如虎，制住当官，制不住成鬼。核心是“伤官”克制“官星”。?伤官?代表才华、叛逆与创造力，?官星?代表权力、秩序与事业；两者相制形成动态平衡，往往象征个人通过独特才能挑战或改革权威，从而获取成就。此格局需在八字原局中显现，而非仅流年或大运中出现。正科羊刃驾杀市委书记省高院院长，食神制杀39岁壬寅升正厅，四年后命主父亲反馈合官得官正处，五千万厅级伤官配印，几群无断对，到处讲假反馈文化馆科长官印相生，几群无断对乾造：辛巳?壬辰?辛亥?癸巳（空寅卯）胎元：癸未?命宫：甲申大运：辛卯5?庚寅?己丑?戊子?丁亥?丙戌辛亥日元生壬辰月，印星当令月上透伤官，官印没有透，天干比劫生食伤，癸巳时食神克官。地支巳亥冲伤官制官，巳中丙受制，庚可以生食神，壬癸一左一右紧贴日主，整个命局表现出来是伤官制官。命不见明财，以伤官壬为父，土重行东方运，制土父是公务员。壬水与两个巳火发生关系，出轨有私生女。早年行东方运，食伤生财，秀气外发读本科没问题，一路往北方运制官，断国企。双巳冲亥，伤官有损，只能是国企。辛巳癸巳，辛生癸带象，双巳象机翼。子平术学习需要找到志同道合的易友，一起实战研究。大龙研究三十余载，欢迎交流学习。
4,2,10,2,3,3,3,9,1,乾丁丑癸丑丙寅丙申,2,伤官配印?是指:日主身弱而伤官旺强，配印星生助日主同时克制伤官。印星代表修养，克制，规则来驾驭伤官的才华与另类锋芒，实现?德才兼备，达到平衡。核心成格条件：1、???日主身弱?：日主身弱但不从，见比劫最好。2、伤官旺强?：伤官要当令强旺，月令或成局成势，代表才华与能量充沛。3、印星有根?：印星必须有根，见财财有制不能坏印。??为什么贵？???制化得宜?：伤官自己所生，又当令代表才华但易狂妄，印星代表规矩与品德，印克伤官即是用规矩引导才华，符合阴阳平衡之道。同时印星既能生助弱身，又能克制旺伤，解决了身弱与泄耗过重的双重矛盾，画龙点睛，命局清纯。?忌神转化?：伤官本为凶神，有印制约则转为有用，地利人和，小人退却。这是鱼儿老师认识的人，一手案例，感谢老师提供的好案例。提的问题，相似度太高，本身命理学高手，问题看了好像都对。正科羊刃驾杀市委书记省高院院长，食神制杀39岁壬寅升正厅，四年后命主父亲反馈合官得官正处，五千万厅级伤官配印，几群无断对，到处讲假反馈文化馆科长官印相生，几群无断对乾造：丁丑?癸丑?丙寅?丙申（空戌亥）胎元：甲辰??命宫：乙巳大运：壬子6?辛亥?庚戌?己酉?戊申丙寅日元生癸丑月，伤官当令月上透官，天干三个比劫，年上丁丑，比劫要制财库，时上丙申，比劫制财。地支年月丑土伤官泄身太过，喜印座下为印。时上申冲寅，好在有比劫制财，印虽有损不重，这是典型伤官配印格，并且见财。早年行北方运，官杀生印，印制伤官，必然高学历，硕士没问题。财在时柱晚婚，辛亥运财生杀旺，不可能有婚姻，庚戌运，戌刑丑比劫库刑财库，动婚。此造2023年何事？A.考编上岸B.创业成功C.结婚D.生孩子此造格局伤官配印吃皇粮，B不可能。大运庚戌，财重结婚要体旺，CD两项排除。癸卯年官印相生，卯戌合，印生比劫，制财官，考编。此造2025年何事？A.考编上岸B.创业成功C.结婚D.离婚乙巳年参考上面思路，结婚要体旺，所以印生禄，巳申合财结婚。这个伤官配印案例，可以好好研究，不过时上财终是问题，后面怕不能善终。子平术学习需要找到志同道合的易友，一起实战研究。大龙研究三十余载，欢迎交流学习。
5,11,6,8,10,12,4,6,2,坤戊戌己未癸亥丁巳,1,这是在某手刷到直播，屏幕上显示命盘，里面好像好几个人在断。这是女孩父亲来问，让看看这盘怎样，官杀重，财旺，水弱，各种术语，没有结论。我断心脑血管病，男子反馈是血液病。我断是白血病，反馈差不多，是再生性贫血。小女孩23年脸色发白，乏力，24年变严重，去医院确诊再生性贫血，目前租在外面，财生官杀旺，家境贫。目前吃中药，有人给断风水，北方有铁架，有水。男子反馈没有，说要祖宅的房子，我准备退了，于心不忍，讲了句，是病好好治疗。后面男子会不会改风水，我不知道，这不是我能改变。下面有断疾病寿元的案例，可以参考：坤造：戊戌?己未?癸亥?丁巳（空子丑）胎元：庚戌??命宫：丙辰大运：戊午9?丁巳?丙辰?乙卯?甲寅癸亥日元生己未月，七杀当令月上透七杀，年上戊戌，官杀在年月时见强根，时上丁巳，丁火在未月是阴刃，财生官重，财官统局，日元只能弃命从杀，才能有活路。癸亥日元自座劫财，巳亥冲克财，对抗财官。日空子丑，禄元逢空，大凶之造。其父问此女怎样？答：心脑血液之病，反馈是再生性贫血。8岁女童的盘，这个年纪没有多大的喜事，而盘面我一打眼，是大凶。病在巳亥冲，心脑血液，而命局生机全无，断白血病。这种病，有钱有可能治疗，那么此造家境怎样？喜印印在戌中，未戌刑，印坏。印是生身之本，忌财，一路往南方财地，家境必然贫困。戊午运，戊从巳中透座刃，财中透的官，家中必然无力出钱治病，官杀是什么？是土而土埋万物，是墓。子平术学习需要找到志同道合的易友，一起实战研究。大龙研究三十余载，欢迎交流学习。
6,10,4,4,4,10,7,1,1,乾己酉丁卯丁酉庚子,1,这是一手案例，命主本人现在精神有问题。当时反馈后，我断了火灾流年，要问命主本人，没有答案。从3月16日，一直跟进到3月28日，得到明确答案。可见学习研究命理，要坚持不懈，这世间可能有极少数天才，但是绝大多数，都是通过自己努力钻研，实践总结，小心求证才能取得成功。我没有断出破产，大运没有算对，有对有错，这才是正常，世间无神。如果有所谓全能算对的神，一定是骗子。如古镇一嘴之流，错了改时辰，改日子。命主主要信息：家境很好，癸亥运发家，壬戌运丁酉年火灾，塑料工厂烧完，五千万清零，从此精神不正常。人生起落案例：先破财400万再赚600万，地支双冲大起大落五百万投资亏损，断后三年的反馈女带伤官福不全，夫亡子亡发千万从财格发财亿万富翁，大运流年生扶溺水亡。女车模不堪回首嫁老富，二柱算命盲派象法乾造：己酉?丁卯?丁酉?庚子（空辰巳）胎元：己未??命宫：丙寅大运：丙寅6?乙丑?甲子?癸亥?壬戌??辛酉庚申丁酉日元生丁卯月，印星当令月上透比劫，年上己酉食神生财，时上庚子，本来月上比劫制财，不巧被年食泄。地支双酉冲卯，印虽当令，比劫无根，印不强。相对而言，财星很强。初运东方印地，生身克财，印为生身之本，家境很好。癸亥运七杀透，克比劫，财无制。断起伏不定，实际上，亥卯会印，官杀化财生印，开始发家。壬戌运，戌是比劫库，穿财制财，断甲午年发大财。按反馈看，丁酉年失火败，之前几年，财运会很好。壬戌运丁壬合，卯戌合，丁卯被合，喜用被合绊破产。丁酉年，丁壬合，比劫被制，酉财旺冲卯，印坏印是产业工厂，失火财产化火灰烬。子平术学习需要找到志同道合的易友，一起实战研究。大龙研究三十余载，欢迎交流学习。
7,5,8,6,7,5,1,9,1,乾庚辰辛巳庚辰甲申,2,大龙盲派八字实战打擂群，全是每个老师身边的一手八字，由群里易友轮流出，打擂当天晚上由出题老师直接反馈，答案只有出题老师自己知道。上榜的老师，剖析易理，分享经验。此造是遇玄老师提供的一手案例，感谢遇玄老师值班反馈及时，下面是主要反馈：按照遇玄老师反馈，这个盘前事很少有人断对，我侥幸全断对。实际我们群里，每年打擂全对，大约只有五六次，在其它地方，有时一次七八个满分的，你们自己品。乾造：庚辰?辛巳?庚辰?甲申（申酉巳）胎元：壬申??命宫：己卯大运：壬午5?癸未?甲申?乙酉?丙戌?丁亥?戊子?己丑庚辰日元生辛巳月，七杀当令月上透比劫，年上庚辰，天干比劫一片克财。地支杀印相生，座印时上甲申，日禄归时有根，巳申合杀，天干地支都是制财化杀。命盘清奇，胎元壬申见禄，在娘胎开始享福。打擂时好多老师层次断温饱，并且婚姻不好断，27岁正是当婚时，有没有婚姻？有没有子女？命书上讲年月比劫家境贫，而这盘恰恰相反，我们群里小康200万以上标准。为什么是小康？命盘杀印相生，杀星当令不宜财再旺，并且辛巳自合，羊刃架杀，比劫越强越富贵。家境断小康，反馈是小康。癸未运正是读书时，印来生身，癸伤官克未中官，生克有情，断本科。2019年己亥，财逢长生，申亥穿禄受伤，甲己合财坏印，有两个方面的事，财代表女人，失恋。印代表学业，这年不利学习。禄被穿坏，自己得病。2025乙巳年，乙庚合财，巳申合禄，是合贵。这年利业桃花，实际考研成功，谈女友。子平术学习需要找到志同道合的易友，一起实战研究。大龙研究三十余载，欢迎交流学习。
1,3,6,6,1,11,10,10,2,坤甲寅己巳甲戌癸酉,2,《算命》是徐童执导的纪录电影，于2009年在北京独立电影论坛上映。记录盲师厉百程孤独半生，40多岁的时候碰到石珍珠——她因为残障，在老家倍受虐待，两人从此开始一起生活；他们住在北方某个城乡结合地带，厉百程以替人算命维生。来找他算命的主顾常常是妓女，其中之一是唐小雁，女主角之一，自己开按摩店，有几个女服务员。因被拘留，徐童导演在09年花七万将她捞出来，而同意露脸出演。唐小雁找盲师厉百程算命，影片有她的八字，厉师讲她孤单命，要改名。后面将原名唐彩凤改成唐小雁，从此命运齿轮转运，从开按摩店到制片人，最终逆袭成为获得“真实人物奖”的制片人，完成了从社会底层到文化工作者的蜕变。唐小雁出生于东北，因为家里穷，初一辍学赚钱。17岁被强暴，1997年结婚，2004年离婚.2009年3月24日被拘留十五天。《算命》拍完后，成了徐童导演的制片人，2023年1月与徐导演结婚。之前有趣的女盘案例，有兴趣的可以参考：坤造：甲寅?己巳?甲戌?癸酉（空申酉）胎元：庚申??命宫：丙寅大运：戊辰10?丁卯?丙寅 ?乙丑甲子甲戌日元生己巳月，食神当令月上透财，年上甲寅，寅巳穿生食神，命局太燥。时上癸酉官生印，本可解燥，但月上财来克印。地支寅巳穿，酉戌穿全是相害，人生波动曲折大，充满变数，受磨难。初运戊辰，戊癸合财坏印，财越重体越弱，这步运因家境困难，初一辍学，挣钱补贴家用，应该是89年，己巳财旺坏印。夫宫是戌财，大运辰戌冲动夫宫，17岁91年，未刑戌，官透被强暴。丁卯运，卯戌合，丁从戌中透，结婚生子。丁丑年伤官生财结婚，辛巳年食神见根，生子。丙寅运，见禄透食，离婚，遇到厉师。厉师见她见禄透食伤，必然制官杀，断她孤单命。实际04年离婚，一直到22年丑月才结婚，单身18年，时也命也。命中时上癸酉，官印相生，印贴身生她，自己开了按摩店当老板。年上甲寅比劫，寅巳穿帮她生食，为她打工。穿是种伤害，后面被店员举报，己丑年拘留。丙寅运，丙化年上比劫，流年己丑，食神生财，比劫不能克财，财坏印犯官非。己丑运财来合身，徐童导演一直追她，到流年体旺时结婚，22年丑月官宣。子平术学习需要找到志同道合的易友，一起实战研究。大龙研究三十余载，欢迎交流学习。
3,1,2,8,5,7,9,1,2,坤丙子乙未戊午壬子,3,神仙难断子时命，子时位于两日交界，古人认为此时“阴极阳生，五行混沌”，《三命通会》记载“阴阳未判”导致气场特殊，属命理推算的临界状态。子时代表过去，现在，未来，气场混沌，有传承的命理门派，对子时有特别的解析。初学命理的易友，现在网络发达，分秒可以得到某些命理的解析，与易友探讨。不过同时也有问题，怎样分辨哪种解析是正确。今天是我看到某打擂群的反馈，反馈也没有错，命主出生的时间也对，但是命盘与反馈相悖，为什么？实际有两个群打擂，正常学命理三个月，会旺衰也能发现这个命盘是贫困，反馈是发富千万，是按反馈修正命理？还是坚持所学？之前发表的时辰相关案例，有兴趣的可以参考：?坤造：丙子?乙未?戊午?壬子（空子丑）胎元：丙戌?命宫：戊戌大运：甲午5?癸巳?壬辰?辛卯戊午日元生乙未月，官星座库，年上丙印透，化官生身，体旺喜财官，壬辰运能发千万？若是男命，运行西北才能发富。为什么时辰对，反馈也对，反馈与命盘不符合？这实际是晚子时，正确的排盘：坤造：丙子?乙未?丁巳?壬子（空子丑）胎元：丙戌?命宫：戊戌大运：甲午5?癸巳?壬辰?辛卯地支双杀，时上透官，丁壬合，合官，官生乙印，子未穿，乙未都是克食神，命不见财，官当财看，发大财。戊午日，是克财重，丁巳日，是官合身，官也强，差一日，完全不一样。壬辰运，壬克丙，乙木进气克未，命局丁壬合应期，开始发财。从22年壬寅，印旺的时候开始。各位易友有时间思考下，这财能长久？子平术学习需要找到志同道合的易友，一起实战研究。大龙研究三十余载，欢迎交流学习。
3,7,2,8,3,1,7,3,1,乾丙午乙未丙子庚寅,2,这是后来看到的反馈，比较特殊，人生波动大，好的时候一年可以发2亿，不好的时候，一年可以破财一亿，连续三年破财3亿。这种案例很有价值，发出来大家学习。同样伤官配印，可以发贵，可以发财，其中组合配置很关键。伤官配印?是指:日主身弱而伤官旺强，配印星生助日主同时克制伤官。印星代表修养，克制，规则来驾驭伤官的才华与另类锋芒，实现?德才兼备，达到平衡。核心成格条件：1、???日主身弱?：日主身弱但不从，见比劫最好。2、伤官旺强?：伤官要当令强旺，月令或成局成势，代表才华与能量充沛。印星有根?：印星必须有根，见财财有制不能坏印。人生起落案例：财坏印，五千万大火烧尽先破财400万再赚600万，地支双冲大起大落五百万投资亏损，断后三年的反馈女带伤官福不全，夫亡子亡发千万从财格发财亿万富翁，大运流年生扶溺水亡。女车模不堪回首嫁老富，二柱算命盲派象法乾造：丙午?乙未?丙子?庚寅（空申酉）胎元：丙戌??命宫：丙申大运：丙申9?丁酉?戊戌?己亥?庚子?辛丑?壬寅?癸卯丙子日元生乙未月，伤官当令月上透印，天干乙庚合财来坏印，年上丙午比劫克财，印有救应。地支午未合生，伤官太强，必然盗泄日元，丙在子上一阳初生，弱而喜扶。喜印而时上见寅，格局清纯，寅午半会，比劫分印，终有得失。己亥运己土伤官，被亥中寅木克制，己在亥死绝之地，伤官被制发富。丁亥年，寅亥合，杀印相生，印强制伤官发2亿。年上丙午，比劫克财分印，而印是富贵。癸巳甲午乙未，年上比劫受扶，化印生伤官，每年破财一亿。伤官配印，可以发贵可以发富，为什么这盘无贵？有兴趣的可以留言，有个四五人讨论，我可以讲讲个人看法。子平术学习需要找到志同道合的易友，一起实战研究。大龙研究三十余载，欢迎交流学习。
5,5,6,8,5,5,6,8,2,坤戊辰己未戊辰己未,2,四同八字加八土偏枯，见者有缘。2024年我在群里遇到广州生八土的命造，并且是命主本人反馈，第一次。天元地元全是土，人元虽有变化，很难以传统命理去推断。研究命理的人见到这种八字，当然心喜。群里断了婚姻，反馈对后，我加了微信，进一步验证命理。按大龙盲派秘传象法去推断，命主反馈，基本正确。将反馈整理：命主事业单位，母亡，复读考二本，乙未结婚，戊戌生子，之前流产四胎，19年升职，得一亲弟异母，家里拆迁。身家大几百万。辽宁生的八土造，是易友遇到反馈，不是我个人一手，很难得子，这是今年五月初，我在群里看到。广州生，家境小康，父在母亡，二本自己小康在银行上班。辽宁生，家境温饱，父母双全，大专二本之类，培训机构老师。双方都很难要小孩，广州18年生，辽宁24年生之前偏枯的案例，有兴趣的可以参考：坤：戊辰?己未?戊辰?己未（空戌亥）胎元：己未??命宫：乙卯大运：戊午3?丁巳13?丙辰23?乙卯33?甲寅43?癸丑53?壬子63戊辰日元生己未月，满盘皆土，非常偏枯，用传统的几种命学方法，很难断。我相信多数易友看此造，无从下手之感。胎元是土，命宫是官，可以考虑官的状况。年月日时，官都有气，八字不见一点食伤，只能用官。戊辰己未年月伏吟到日时，戊辰年日，自己长姐。己未月时，己是劫财，是弟，所以断有兄弟。土众成势，比较强势，不见食伤，为人处事缺乏变通。初运南方虽可泄火，也嫌火炎，学习不会好，实际复读二本。看工作，自座财库，戊辰从年伏到日，辰中有财官，年上辰中戊透，断事业单位，反馈是银行。看婚姻，南方运火炎土燥，官之死地，不会有婚姻。一进丙辰运，夫宫在大运现，动婚。辰中乙木透，官现结婚，断乙未，反馈是。四同八字，双方不同主要在家境，家境富财重克母，家境普通，父母双全，原生富自己层次相对高。共同点，土多金埋，双方很难要小孩。对四同八字，有其它观点，欢迎留言讨论。子平术学习需要找到志同道合的易友，一起实战研究。大龙研究三十余载，欢迎交流学习。
9,11,6,10,8,10,3,9,2,坤壬戌己酉辛酉丙申,2,这是在群里看到的盘，禄与比劫成势。传统命理书中讲女命身弱为喜，从阴阳来讲，女为阴，要以柔克刚。古代夫为妻纲，工作基本以男人为主，而现在社会，男女都可以工作，不能以身弱为喜，但是从阴阳角度来看，女人身弱有现实意义，看到好多绿茶没？？？“禄”在八字中代表?临官之位?，象征俸禄财富代表稳定收入与社会资源。我在学习命理时，比肩，劫财，禄见到不知其所以然，后面随着命理提高，慢慢理解。天干日元，在地支临官，是禄，帝旺是劫财。禄是自身的延伸，运用自如。而劫财，那怕亲如兄妹，各有利益不同，不能完全为自己所用。但本质来讲，都会克财。禄多财官轻，命局失衡，反而贫穷。直断学习，层次，结婚流年，克父，离异命，这才是真正的实断，秒杀江湖大师。命主主要信息如下：之前比劫重的案例，有兴趣的可以参考：坤：壬戌?己酉?辛酉?丙申（空子丑）胎元：庚子?命宫：辛亥大运：戊申10?丁未?丙午?乙巳?甲辰?癸卯?壬寅辛酉日元生己酉月，禄元当令月上透印，天干伤官制官，地支三会酉。本身双禄伏吟从月到日很强，再三会财不见，官虚透，命局失衡，格局很低。分居十年未离婚，对双方都是折磨，心理身理失衡，命主自己讲今年办离婚手续。身强体旺，生的食伤，食伤不生财，反制官，可想而知，命主个性很强，除了自己谁也不服。早年行戊申运，枭印夺食，断高中。中年行官运，而命局官立不住，层次温饱。丁未运杀透，运转南方官杀强旺，流年见官杀必然结婚，断丙戌丁亥结婚。南方运官旺，流年体旺，食伤可以制官，丙申年分居。比劫重重必克父，不见财星命也固，大运见财父必亡。乙巳运，财星透，群比夺财，父亡应期。壬寅年财星一落地，父亡。子平术学习需要找到志同道合的易友，一起实战研究。大 龙研究三十余载，欢迎交流学习。
5,7,2,4,10,8,3,5,2,坤戊午乙卯癸未丙辰,2,人永远赚不到认知之外的财富。也永远避不开认知之外的灾祸。这是朋友圈看到的案例，很有感触，分享给各位易友。人生无常，明天来的是什么，不知道，且行且珍惜。很多人大吃大喝，不愿意对自己的未来，做规划而错失机缘。命主七零后生人大本高学历，先后在合资、外资企业任高管，年薪百万级，那时候十万左右就可以买县级城市一套房。后回国创业建厂，财富几千万级。口罩以后，进入庚戌大运，食伤制官格局打破，搞资本运作，败的一塌糊涂，四处欠帐，现在官司缠身。如果少许知些命理，一入这步大运就激流勇退，哪怕佛系躺平，也不至沦落如此田地！人生没有后悔药，一手王炸四个2，最后凄惨收场。人生起落案例：财坏印，五千万大火烧尽伤官配印，一年发2亿三年破财3亿先破财400万再赚600万，地支双冲大起大落五百万投资亏损，断后三年的反馈女带伤官福不全，夫亡子亡发千万从财格发财亿万富翁，大运流年生扶溺水亡。女车模不堪回首嫁老富，二柱算命盲派象法坤造：戊午?乙卯?癸未?丙辰（空申酉）胎元：丙午??命宫：壬戌大运：甲寅6?癸丑?壬子?辛亥?庚戌?己酉?戊申癸未日元生乙卯月，食神当令月上透食，天干戊癸合官，食神克官。地支卯午破，卯辰穿，卯未合，都是制官杀。癸水日元，支无根，不见印。只能顺当令食神，这盘天干见财生官，破格。能从官吗？当令旺气是食神，所以不可能从官。早年行运从东方往北方，食伤得扶，考上本科，外企高管，年薪百万时一套房十来万，一路开挂。46岁行庚戌，乙庚合卯戌合，食神有生财，丙财有根，官杀无制，悖了命局。这是原局中财生官破格的应期，想要挣更多的财，而命局承载不了，开始破财。目前负债官司，皆因不知进退。不知命无以为君子，过于自信不一定是好事。此命食神当令，制杀成功，相当自我。子平术学习需要找到志同道合的易友，一起实战研究。大龙研究三十余载，欢迎交流学习。
7,9,4,12,10,4,10,2,1,乾庚申丁亥癸卯癸丑,2,这是5月13日在群里看到一案例，当时群里大师断了很多，又是旺喜财官之类，关健事情，一件没有。命主想问还能不能成婚，我当时断了过去，反馈特别慢，我没有继续。这盘一看必父早夭，当然在命主面前，不用太直接，流年基本断出来。后面命主反馈后，大师马上一套组合理论马后炮。这是典型江湖大师，马前炮不行，马后炮牛B。“比劫重重必克父，不见财星命也固”这口诀学点命理的都知道，但是使用中的关键点不一定理解。1. ?比劫重重必克父?“比劫”指八字中的?比肩?与?劫财?，同时印星重，“重重”一般指比劫当令或者印当令，如果以数量来看，比劫与印星要占命局4个。从六亲角度看，财代表?父亲，受制严重，父亲健康受损、早逝、关系疏远或经济支持薄弱?等现象。2. ?不见财星命也固?“不见财星”指八字原局中?没有明现的正财或偏财?（即天干不透、地支无藏）。这种情况下，?父亲未必早亡或受克。大运流年父星现时，父应灾。之前比劫重的案例，有兴趣的可以参考：乾造：庚申?丁亥?癸卯?癸丑（空辰巳）胎元：戊寅?命宫：庚辰大运：戊子5?己丑?庚寅?辛卯?壬辰?癸巳癸卯日元生丁亥月，比劫当令月上透财，天干印生比劫，丁财虚透。地支申亥穿，亥中甲木坏。亥卯半会，卯上透癸，座下食神能否生财？当然生不了财。命局金水成局成势，阴阳失衡，非常困难。早年行北方运，己丑运生印而食伤受制，断初中。中年行东方运，但大运透印克食伤，只能技术打工，断温饱。反馈是技校，温饱。命中财星受制产生两个问题，一父夭命。月上丁是父，座亥死地。命局中没有一点生机，亥中甲被太岁克，不用看大运，流年引动必亡。断壬戌，癸亥，反馈是84年，并没有月份，当然可能是癸亥年丑月。财星受制，食神卯又生不了财，什么时候有婚姻？有易友能给解开这个迷？子平术学习需要找到志同道合的易友，一起实战研究。大 龙研究三十余载，欢迎交流学习。
10,8,10,12,4,12,4,8,2,坤癸未癸亥丁亥丁未,2,这位易友，之前被人利用，见我在群里算得准，被人忌妒挑事，将我踢了，后面那群里几个人加我。今天在另一群里，她的八字，我算准很多，与我道歉，说之前冤枉我。易友有先天心脏病，3岁手术，其它太私密的信息，不讨论。命盘杀重，如抱虎而眠。七杀克身如遇虎，指七杀对日主的克制如同人遭遇猛虎，凶险异常。七杀为同性相克之神，其性刚烈、无情，若无制化，极易对日主造成伤害。遇虎有打虎的工具，如食神，印星，羊刃，杀为偏官，可以化杀为权。没有打虎的工具，无制为患——抱虎而眠，伤残，牢狱，早夭。命理学中有句，有杀先论杀。下面有断疾病寿元的案例，可以参考：坤造：癸未?癸亥?丁亥?丁未（空午未）胎元：甲寅??命宫：癸亥大运：甲子10?乙丑?丙寅?丁卯?戊辰?己巳癸未日元生癸亥月，官星当令月上透杀，天干双杀克身，只有时上比劫抗杀。地支双官伏吟，从月到日，四重当令旺水，年时双食包局，克制七杀？当然不可能。好在亥中有甲木伏藏，虽七杀克身凶，凶中有吉有救应。年上癸未，杀克未中丁，丁是心脏，先天心脏病。什么时候可以医治？什么时候可以制杀，什么时候可以手术。丙戌流年，比劫生伤官，土重克水，这年手术。甲子运，甲木透，化杀生身，家境小康。双癸见禄，子未穿，未中的丁根坏，学业不会很好，大专。乙丑运，丑未冲去根，断她精神有抑郁之类，反馈22年23年24年三年有些。乙木透在大运，被丑冲未，乙受伤，化不好杀，精神有抑郁。子平术学习需要找到志同道合的易友，一起实战研究。大龙研究三十余载，欢迎交流学习。
1,11,1,11,6,4,3,3,1,乾甲戌甲戌己卯丙寅,2,这是某站粉丝发的盘，想看下层次。断了学历，工作。未来的事情，未付费不展开讨论。很多易友认识我，从我实断过三关开始，各大群实断，准确率得到很多人认可。这个盘尽管官杀不当令，个人认为官杀重，喜配印。官印相生重点是日主身弱、官星生印星、印星生日主，顺生有情。且印不被财星破坏或刑冲克害?。这是命理中的贵气组合之一，主事业顺遂、名望显达。此盘与印当令有区别，比却当令，不忌财。之前整理的实战案例，有兴趣的可以参考：乾造：甲戌?甲戌?己卯?丙寅（空申酉）胎元：乙丑??命宫：己巳大运：乙亥8?丙子?丁丑?戊寅?己卯?庚辰?辛巳己卯日元生甲戌月，比劫当令月上透官，年上甲伏吟到月，地支寅卯有强根，官虽不当令，但官强。甲己合官，虽戌土当令，卯戌合克，官杀与体是弱平衡。妙在时上丙寅，官印相生，丙印化年月的官，与贵有缘。初运乙亥，丙子北方财地，比劫可制财，格局不破，断研究生，反馈是。工作时行丙子，丁丑运，大运见印，丙子虽是一阳初发，在财地印不旺，但命局官可以生印，印有生机，断吃皇粮，实际是在国企工作。子平术学习需要找到志同道合的易友，一起实战研究。大龙研究三十余载，欢迎交流学习。
8,10,6,12,10,6,8,10,2,坤辛酉己亥癸巳辛酉,2,这是在群里看到的案例，金水一片偏枯混乱，人生会有重大变故。为了提高命理水平与盘感，除了大龙盲派八字打擂群与大龙公众号粉丝群天天实断，其它群看到特殊的盘会参断。我的群太多，看不过来。经常会遇到问我，大龙老师这盘敢不敢断，我只能回答白嫖的不断，付费的可以。?在传统八字命理中：食伤旺对婚姻产生不利，不利夫身休不好，早夭。很多人不知的是，女命比劫克财，一样不利夫。两者有区别，第一种日常生活中会表现出，尖酸刻薄，几乎是负面能量，那个男人受得了。第二者表现出强势，但不会有负面情绪。命主老公接工程，经常应酬打麻将，突然去世。之前比劫重的案例，有兴趣的可以参考：坤造：辛酉?己亥?癸巳?辛酉（空午未）胎元：庚寅??命宫：丁酉大运：庚子10?辛丑?壬寅?癸卯?甲辰?乙巳癸巳日元生己亥月，比劫当令月上透杀，辛酉伏吟从年到时包局，化杀生身。比劫当令见印是为无情，辛酉金鸡独立，人生见两次大悲。座下巳为财，自合财为喜，地支巳亥冲，夫上应凶。问命主老公怎样？断夫亡，甲辰或者己亥，心脑血管。反馈，己亥年夫打麻将突然去世金水一气克财官，巳亥冲，夫宫被克害。第一眼不利夫不利子，当时没看大运，直断甲辰流年，甲己合。反馈不对，我看了大运，壬寅运，寅巳穿坏夫宫，必然在壬寅运，流年己亥与命局己亥伏吟，伏吟伏吟泪淋淋，这年必哭丧。辛酉包局，乙巳运白发人送黑发人，可惜不知道命主是谁，不然可以提醒下，行善积德可以改变。子平术学习需要找到志同道合的易友，一起实战研究。大 龙研究三十余载，欢迎交流学习。
3,3,2,8,4,2,1,5,1,乾丙寅乙未丁丑甲辰,1,杀人者偿命，千古道理。命主16岁杀人，座牢20年出来，可见人生背后有条无形的线，影响着各人轨迹。群里断命主那年入狱，那年出狱，我断出来。命主主要信息如下：家里温饱算穷，初中，自小是问题少年，未婚。02年杀人，04年被判刑，24年出来。按我看这类盘，伤官无制易走极端。伤官是“克官”之星，代表反叛、不守规矩。若大运流年引动，制官时会极端。乾造：丙寅?乙未?丁丑?甲辰（空申酉）胎元：丙戌??命宫：甲午大运：丙申3??丁酉??戊戌己亥庚子辛丑丁丑日元生乙未月，食神当令月上透印，地支三重土食伤混杂泄身太过，丑未冲丑中癸杀被克，无法无天。天干月时印星透出本火喜，制食伤生身，可惜年上丙寅，比劫化印生食伤，格局损坏，埋下灾根。问那年牢狱？那年出来？答：甲申牢狱，甲辰出狱。丁酉运，辰酉合坏印，自己座在财上，为财乱来。壬午年，丁壬合午是禄，午未合，官被制，伤官见官为祸百端，杀人。流年见禄体旺，可以制住官，没有事。甲申年，财重坏印食伤生财，财旺官旺，这年被抓住牢狱。那年能出来？戊戌运伤官泄身只能继续座牢。己亥运寅亥合，官生印，印旺克食伤生身，能够出来，甲辰年印透生身出狱。子平术学习需要找到志同道合的易友，一起实战研究。大龙研究三十余载，欢迎交流学习。
5,1,9,11,7,1,3,11,1,乾戊子壬戌庚子丙戌,1,这是一易友私下与我交流，08年出生的小孩，被母亲抛弃，盘中看枭印夺食，生而不养，食伤代表福气，命主福气被夺、才华受抑、健康受损。枭印旺不见财星克制，容易被母亲抛弃。枭印是凶神，命中逢之要慎重，厉害的会夭命。乾造：戊子?壬戌?庚子?丙戌（空申酉）胎元：乙丑??命宫：己巳大运：癸亥5?甲子?乙丑?丙寅?丁卯?戊辰?己巳庚子日元生壬戌月，枭当令月上透食神，时上丙戌，双戌伏吟，年上透戊，印旺有杀生过重。座下子水伤官，透食在月，食制杀为喜，可惜年上戊土贴身相克，戊在年上，从小命运多舛，格局低下。易友讲了被母抛弃，现在19岁，我想断下流年，验证命理水平。已经19岁，想猜是不可能，只能从原局看。戌土当令伏吟到时，时上丙戌杀印相生，土重年上枭印透，天干壬水食神已经被制，地支双子伏吟有气，流年克了子水伤官是应期，己丑年，子丑合克了伤官，断己丑年。子平术学习需要找到志同道合的易友，一起实战研究。大龙研究三十余载，欢迎交流学习。
6,6,3,3,2,4,2,10,2,坤己巳丙寅乙卯乙酉,2,这是群中看的一个案例，八专日与比劫配伤官，这盘很明显不利夫，所以我断此盘印证所学，特录此例，大家可以参考。乙卯日是八专日之一，乙木坐于卯木禄地，干支一气，木气专旺生在丙寅月，伤官这么强。女命伤官旺克夫。伤官克官要注意，伤官无制，官弱才是不利夫。不见官而伤官生财，财暗生官反而旺夫。之前婚不好的案例，有兴趣的可以参考：坤造：己巳?丙寅?乙卯?乙酉（空子丑）胎元：丁巳??命宫：庚午大运：丁卯4?戊辰?己巳?庚午?辛未?壬申?癸酉乙卯日元生丙寅月，比劫当令月上透伤官，天干伤官生财，但比劫克财。地支寅巳穿，巳中官坏，卯酉冲，杀坏。木火一气制官杀，官杀很难立住。乙卯日八专日，夫宫卯官之胎地，不利夫。断家境温饱，婚不好，二本，技术工作。读书时行戊辰运，喜财财透，可以读大学，但原局财不重，学习不会多好，断二本，反馈是大专。有易友断是发财命，我断是技术工作，温饱。命中喜财，年上己巳，寅巳穿，财被比劫劫财，天干比肩还克财，原局财坏，大运行南方火地，只能泄透，技术工，而不可能发大财。命中官杀被制一路南方运，食伤旺地，加重了官杀的失衡，必然婚姻出问题。实际上38岁还没有婚姻。尽管命主认为自己个性好，但伤官这么旺，肯定很自我，性格强势。子平术学习需要找到志同道合的易友，一起实战研究。大 龙研究三十余载，欢迎交流学习。
6,4,3,1,5,11,8,10,2,坤己卯丙子戊戌辛酉,1,感谢江淳峰老师带来的一手案例，江老师命理六爻双修，融会贯通，水平很高。这是命主找江老师测算，算得很好，为保护命主，隐藏与命主有关的信息。反馈如下：命主是同性恋，她和91年女孩在一起，没有结婚。91年女孩被90年女孩抢去了，命主今年上个月为情服毒自杀，被抢救过来了。目前双方父母，都支持她和91年女孩在一起过一生。同性恋古称断袖、龙阳，现称拉拉、gay。对同性产生情感、爱情或性的吸引同性恋命理特征：1.大多数同性、双性的八字特征都是食伤出现了问题，要么是被穿要么是被制，因食伤所代表的思想出了问题。2.是八字阴阳失衡，阴重或阳重3.财官受制太过，对男人或者女人没有兴趣，反而对同性产生别类的感情。坤造：己卯?丙子?戊戌?辛酉（空辰巳）胎元：戊辰??命宫：癸酉大运：丁丑9?戊寅?己卯?庚辰?辛巳?壬午?癸未?戊戌日元生丙子月，财当令月上透印，时上辛酉，伤官生财，财强旺。月上透枭印为喜，丙座子死地，丙辛合印虚透，自身难保，生不了命主。地支酉戌穿坏印库，格局混乱，层次不高。这个题发出来，没问任何问题，所以看到题，我分析了命盘最大的问题，断出要见生死。卯戌合是合官，合在夫宫，年上己卯，己土比劫助身，官克比劫，官没起到好的作用。子财生官，卯戌合，又来克比劫，时上辛酉伤官克官，整个命局，卯起了坏的作用，伤官是命主的思想代表叛逆，激进，另类，最终产生另类的感情，同性恋。戊寅运丙为长生，命中伤官制官，戊寅运官杀旺生印，丙旺合克辛伤官，坏了伤官悖了命局损寿元，断见生死。子平术学习需要找到志同道合的易友，一起实战研究。大龙研究三十余载，欢迎交流学习。
4,2,8,12,3,1,7,3,1,乾丁丑辛亥丙子庚寅,2,易缘自称真盲派命理，又说是业余算命。一易友在群里讲想进体制，真盲派命理师讲9块9给算为什么吃皇粮。真盲派命理看下面：这个八字我看过是吧？我有印象，亥子丑，我记得很清楚啊。这八字亥子丑会成了官局，是财来生的官，官在我家里。这八字是发财的，本来这八字是合财的，你看到没有？丙辛合，虽然我家里没有财，但是我庚金在家里面，我是合财的，你就是求财的。但是这个八字为什么吃不了皇粮呢？因为天干透出了丁火，知道吧？丁火是比劫克财，比劫做功吃不了皇粮。比劫克财吃皇粮大把，盲派自古没有做功一说。我用语音讲了：鑫鑫易友讲得真好，丁火是贵点。官重用印化，财来坏印而比劫克财。为了9块9，不吃皇粮就是发财？真盲派命理不高兴了，讲他动了群里大师的蛋糕，一个9块9都用套路的真盲派命理，在我眼里只值9毛9。好多直接发红包的求测，我都不点，一个红包算不了。我直接断命主没有钱，家里也没钱。命主大专，目前专升本，好像明年本科毕业，现在打工，自己没钱，家里一般，可能有百万。乾造：丁丑?辛亥?丙子?庚寅（空申酉）胎元：壬寅??命宫：甲辰大运：庚戌9?己酉?戊申?丁未?丙午?甲辰?癸卯丙子日元生辛亥月，七杀当令月上透财，地支亥子丑会官局，寅亥合时上寅印化，杀印相生。天干丙辛合财，时上庚寅透财，财从丑中出，地支有气，庚来克寅贪财坏印。正偏财混杂命局无情，印有损当然无贵。吃不了皇粮能否发财？丙辛合财，合住财可以发财。年上丁火比劫虚透，丁在丑上算入墓，被丑泄，亥子丑会官，丑当水看，丁火自身难保，助不了身。从这个角度看，此人母亲必然打胎。一路往西方财地，财越重体越弱，本本分分，还能吃口饭。真盲派命理没有断一句现实能反馈的事，而我铁口直断，命主无财，家里没财。看命宫胎元，命主倒是没吃过苦。小心算命套路，先是9块9，再私聊99，最后再化灾补财库几百几千。子平术学习需要找到志同道合的易友，一起实战研究。大龙研究三十余载，欢迎交流学习。
10,12,4,6,7,9,3,1,1,乾癸亥丁巳庚申丙子,2,这是昨晚在群里看到一案例，一个易友讲这八字能发亿万，我看机会不大，这盘一眼我看出牢狱，因为命主在群里，没讲太明。后面问命主，确定座牢。命主讲壬寅癸卯年每年发一千多万，我断去年今年财运差，反馈是。牢狱八字，必然以先天命局为本，原命有牢狱，大运引动，流年为应期。大龙盲派认为，八字本身是有生命，断命要看命讲什么，不是我们认为是什么命。财官失衡，必然会有牢狱。之前有牢狱发财的案例，大家可以参考：乾造：癸亥?丁巳?庚申?丙子（空子丑）胎元：戊申??命宫：甲子大运：丙辰9?乙卯?甲寅?癸丑?壬子?辛亥?庚戌庚申日元生丁巳月，七杀当令月上透官，天干官杀混杂，好在年上癸亥，伤官制官杀，伤官地支有强根。巳亥冲，食神制杀，巳申合用禄合杀。禄来合杀，禄生的食伤制杀，牢狱风险高，制住杀发财，制不住杀杀是鬼，牢狱。此盘有三个贵点，食伤，官杀，体都有强根，人生虽有大波折，但是运来一样大发。乙卯运，财合身动婚，财运开始小发，卯申合申不会受冲克，流年不利只能是小的官非破财。为什么我一眼断有牢狱？命中食伤制官杀，而行财运生官杀，必然牢狱，这盘的牢狱必然会有大的破财。甲寅运宣巳申三刑，禄坏被财冲，必然非法取财引发牢狱。己亥年，与大运甲寅天地合，财旺坏印，牢狱。辛丑年，比劫助身，丑是印化杀出狱。此盘能到亿万吗？欢迎留言讨论。子平术学习需要找到志同道合的易友，一起实战研究。大龙研究三十余载，欢迎交流学习。
10,10,8,10,5,9,2,4,1,乾癸酉辛酉戊申乙卯,2,各位易友还记得9块9的真盲派命理套路，今天案例是在那位大师建的群里实战，我昨天刚进群，大师对我的感觉，大家知道，这个案例真实可靠。年上伤官克父母，最大不超二十五；父母命硬克不动，除非一世受辛苦?。“克”的真正含义?：这里的“克”不一定指克没：同时可以指与父母关系，影响父母自身运势，一生较为辛苦劳碌。个人在实践中，能克去的，一般要月令是食伤，或者其它宫位食伤重。古代终极目标当然是当官出贵，光宗耀祖，而伤官是去制官，多数的盘伤官重无贵，所以古代命师不喜伤官重，现在社会，不会这样，伤官做为一种才华，社会一样认可。之前比劫重的案例，有兴趣的可以参考：乾造：癸酉?辛酉?戊申?乙卯（空子丑）胎元：壬子??命宫：丁巳大运：庚申7?己未?戊午?丁巳?丙辰?乙卯?甲寅戊申日元生辛酉月，伤官当令月上透官，年上伤官，座下食神，地支食伤泄气太过。时上乙卯，与辛酉天克地冲，金木交战土受伤，命局层次低，喜印不见印，无所作为。这盘问父亡何时？我看了一头雾水，不了解命理的朋友想了很简单，就是一个八字盘，解就可以。他们不知道，每一个盘不一样，产生的信息不一样。此盘伤官当令生癸财，癸水没有明显的伤克。如果从比劫克财来讲，己未运是比劫运。所以一看此盘，我有种兴奋，无从下手，才有挑战。以癸财来讲，盘中金太重，对癸来讲这是病。己未运比劫出来肯定克财，问题是癸财能不能活到己未运？以癸财来讲，生的乙卯，而卯酉冲。对癸来讲乙卯是食神。命书讲坏了食伤损寿元，大运只要再加强这种损坏，父必亡。庚申运，金更旺。应该是庚申运，我当时第一感觉是己卯年，我看时上乙卯，流年见卯与酉冲，能冲去酉，而乙酉流年才能真正充去卯，没想到反馈是己卯年。这是一个真实案例，流年没有断对，这个世界没有神，绝对准的，要小心。我目前只接触到一个自吹百分之百准的，古镇一嘴假大师。被人揭穿收了红包拉黑命主，现在到处被骂。有特殊的案例，欢迎交流。子平术学习需要找到志同道合的易友，一起实战研究。大 龙研究三十余载，欢迎交流学习。
4,4,10,4,7,9,7,5,1,乾丁卯癸卯庚申庚辰,2,这是龙老师发在朋友圈的一手案例，老师水平很高断出13年牢狱，这是二进宫案例，浪子回头金不换，出狱后发了小几百万。近朱者赤，与大龙做朋友，好的案例可以发公众号，比自己朋友圈的曝光度高很多。发上公众号之前，我特别征询过龙老师，做案例要不要打码，他同意直接发，大龙盲派以理服人。算命都想知道能不能发财，能不能当官，不知财官失衡，体弱不能承载，轻则官非破财，重则投胎。之前有牢狱发财的案例，大家可以参考：乾造：丁卯?癸卯?庚申?庚辰（空子丑）胎元：甲午??命宫：庚戌大运：壬寅3?辛丑?庚子?己亥?戊戌庚申日元生癸卯月，财星当令月上透伤官，天干比劫生伤官，伤官本制官，但是生财又制官破格。地支双卯穿辰印，财坏印必因财出问题。庚申日在卯月四废日，不能因为四废就讲命不好，时上的庚辰助身，大运扶身还是可以。当时已知有两次牢狱，我断了进去出来时间，可惜出狱时间没有反馈。辛丑运，伤官余气受制，丑可以生身比劫要夺财，引发牢狱。断丙戌年，七杀克身，反馈是乙酉年，实际羊刃冲财，而乙木生丁火，这年牢狱。庚子运大运比劫助身生伤官，伤官可以制官，地支申子辰三会，伤官旺而休衰出问题。癸巳年，伤官死绝不能克官，巳申合禄坏，牢狱。己亥运透印助身，发了小几百万。但是比劫伤官生的财，财多半有些灰色。这两年木火旺，收入从几万一月，到几千，与命局非常符合。上面视频被女同学背刺离婚视频，有兴趣的可以看看，你们付费测算的人，背后来找我请教，从我这里进货后，再给命主解惑。子平术学习需要找到志同道合的易友，一起实战研究。大龙研究三十余载，欢迎交流学习。
1,9,6,6,10,4,5,7,1,乾甲申己巳癸卯戊午,0,这是晴天老师在D音刷到，命主2025年10月15日去世，胃癌转肝癌。当时没有反馈什么病，我自己去查，发现从命主去世后，其父为了流量，发了有上百条视频全是用命主照片，那年生，那年亡，不断为流量搏同情。其中连出生日期有几个都不一样，可见其父是在吃人血馒头。我发的命盘是命主身份证上的日期。04年出生，没有出生证上不了户口，所以八字是准确，命主出生在安徽安庆，无其它信息。晴天老师对此盘有疑惑，按她看应该是很好的盘，实际早夭。在我三十多年的实践中，发现八字中有种特殊盘，弱而不从：只有日元一个，其它无生扶，全是克泄耗。如从旺，不能再去制，否则弱而不从。下面有断疾病寿元的案例，可以参考：乾造：甲申?己巳?癸卯?戊午（空辰巳）胎元：庚申??命宫：己巳大运：庚午5?辛未?壬申?癸酉癸卯日元生己巳月，财星当令月上透杀，时上戊午财生官杀强旺，日元不见根无比劫，虽年上申正印扶身，但巳申合，支木火当令成势必然克申，这盘一眼看去，必然从杀。卯午破，甲克戊，食伤制官杀破局，弱而不从，必然出凶。问乙巳年何事？断牢狱见生死。辛未运乙巳流年，大运未地癸水之墓，日元入墓大凶。未月天干甲也入墓，制官杀的手段全失，凶险。乙巳流年，食生巳合申，财来坏印，命中要用的东西全坏，不禄。月上巳合申，巳是父亲，生的己土七杀克身，时上官在巳见禄，财起了很坏的作用。命主去世快一年，其父发了上百条左右的视频，内容大同小异，流量非常好，一直卖货。子平术学习需要找到志同道合的易友，一起实战研究。大龙研究三十余载，欢迎交流学习。
9,11,9,1,4,12,3,7,2,坤壬戌壬子丁亥丙午,2,现实中湿木头含水分多，直接点燃很难，命理学家据此延伸，用来描述?八字中木被水过度浸润后的木，不生火，这是湿木不生火的现实依据。当然有一定的准确度，但使用过程中要辨证分析，不同组合有不同用法。森林失火，湿木一样可以生火，用水灭火可以吗？之前发的发富案例，有兴趣的可以参考：坤造：壬戌?壬子?丁亥?丙午（空辰巳）胎元：癸卯??命宫：己酉大运：辛亥8?庚戌?己酉?戊申?丁未?丙午丁亥日元生壬子月，七杀当令月上透官，天干丁壬合官，官在地支有强根，时上丙午比劫助身抗官杀，体弱官重。地支亥子水局成势，子午冲破禄，如果禄坏尽必然贫。年上壬戌，午戌半会，伤官制官午禄受损不会坏尽。问学历，层次，婚姻？答：初中，大几百万，一婚桃花多。尽管没反馈桃花，桃花必然多。此盘座下亥中藏甲，印是事业，印如能化官生身，可以发富。印若无用，温饱。时上丙午，火势有源。大运能制官，则木火可用。己酉运己在戌午有根可制官，流年火土一见根必然发富。断癸巳甲午年发家，反馈是。喜印印不显，学历不高，断初中反馈中专，很合理。子平术学习需要找到志同道合的易友，一起实战研究。大龙研究三十余载，欢迎交流学习。
5,5,6,8,10,2,7,9,1,乾戊辰己未癸丑庚申,2,这是视频上看到韦尔读碑文的博主，读到的同治生人，一个人一生百十字。幼年父亡，中年修屋买田，生一子二女，碑文是他自己写，时年62，去世时间没有拍出来。旁边葬的是其妻，同治癸酉年，56岁去世，在命主前面去世。按当时的社会状况，命主是地方名流，小富贵格局。我们研究古人的盘，常常以族谱，墓碑记录为准，普通人研究名人只要精准到日，时辰不会关注。而命理学要到时辰，此墓碑是未时生，而命主主要经历，未时不可能，只能是申时才合人生。之前发的发富案例，有兴趣的可以参考：乾造：戊辰?己未?癸丑?庚申（空寅卯）胎元：庚戌??命宫：乙丑大运：庚申4?辛酉?壬戌?癸亥?甲子?乙丑?丙寅癸丑日元生己未月，七杀当令月上透杀，年上戊辰，官杀混杂克身无情。时上庚申白虎印化官化杀，格局清纯有情，时上庚申，只能白手起家。如是己未时，必然从杀，中年行比劫运，必然贫困。八字土重财被泄太过，胎元庚戌财星入墓，父早夭，写幼年父亡，按流年看，丁丑年最有可能。在古代幼年丧父可见生活之艰。年月官杀重克身，祖业不丰，墓碑上写自己建屋买田可见，命主兴家立业。乙丑运丑未冲，是原局丑未冲应期。未被冲，未中乙丁坏妻亡。戊辰年土重泄火，妻亡。子平术学习需要找到志同道合的易友，一起实战研究。大龙研究三十余载，欢迎交流学习。
9,9,10,2,8,2,8,4,1,乾壬申癸丑辛丑辛卯,2,玄易奇真易学专家证是他微信头像，最好的广告朴实无华，一眼能看到，专家证，英汉双语，B格满满。大龙既羡慕又妒忌，同时有一点自责，为什么我不能出点钱买一个证？我不断反思总结，后面想通我脸皮薄，若买一个证不好意思用作微信头像。我研究命理几十年，若谈价值无非是十几万字，上万例的案例总结，断错为什么错，不断总结寻找通用规律。了解我的朋友知道，我可以无私交流八字命理，所以遇到经典案例，我会分析命理，让易友们一起学习，供大家参考，求同存异。之前婚不好的案例，有兴趣的可以参考：乾造：壬申?癸丑?辛丑?辛卯（空寅卯）胎元：甲辰??命宫：癸丑大运：甲寅6?乙卯?丙辰?丁巳?戊午?己未?庚申辛丑日元生癸丑月，印星当令月上透食，地支丑伏吟到日印重生比劫申金，时上卯被辛盖头克。天干比劫生食伤，食伤泄透生财，丑月水有余气，妻宫印克食伤，财不丰。卯申暗合，申是卯的正夫，卯在时婚晚。玄易奇真大师断了几点：与妻，财不利。有学历，易技艺。会说，但易从语言上得罪人，有傲气。故执，有争妻之象。有宗教信仰，有异性缘。长象挺好。但无火不为太好。我断两点与大师相反，不巧全对。总之他的断语，我基本不认同。食伤泄秀生财，而食伤虚透无根，命中财被克坏，虽行财运，家资不丰。行财运制不住印学历低。乙卯运财旺，卯申合，是比劫的妻，丙辰运，卯辰穿，财被穿坏，必然无婚。婚从命相上看，要到丁巳运，而且是娶二婚女。此造财被财严重，异性缘重，估计要做梦时，毕竟梦里什么都有。大师感叹天道不公，之前带的徒弟，能断准八字，他们都说重新跟人学命理，不再认他，没有天理，他将徒弟清理门户。后面他总结新的绝技，他们没学到，是天意。有没有一种可能，他们没学到新绝技才是真天意？想收徒要一张易学专家证。子平术学习需要找到志同道合的易友，一起实战研究。大 龙研究三十余载，欢迎交流学习。
4,2,9,1,5,9,1,3,2,坤丁丑壬子戊申甲寅,2,这是易友龙老师发在朋友圈的案例，龙老师是高手，身材身高都断对。我当时看到此盘，认为会被老公家暴，龙老师讲他与我看法一样，我们都没断对，此盘发出来，供大家参考，算我自己的反思总结：命主大专，层次温饱，19结婚，21生儿，25生女，身材很好，162身高。偏枯的女命案例可以参考：霸变女优坤造：丁丑?壬子?戊申?甲寅（空辰巳）胎元：癸卯??命宫：壬寅大运：癸丑3?甲寅?乙卯?丙辰?丁巳?戊午?己未戊申日元生壬子月，财星当令月上透财，天干财生杀旺，年上透印丁壬合，印被财坏。地支寅申冲食制杀，而申子半会，财化食生杀，相对而言杀来克身。甲寅运正当读书时，七杀克身为忌，好在甲木生丁火，可以化一点煞，学历大专。财杀相悖，无情克身温饱。辛丑年寅丑暗合断结婚，实际生子。我们两人都断错，认为被老公家暴，实际是老公被她家暴。现在行乙卯运，官来克身，命中财官重，再见官不吉。后面我再细推此盘，时上甲寅，戊在寅中长生，寅中有丙化寅生戊，年上丁丑合克月上壬子，比劫制财代表命主强势。而杀禄代表老公，有丙化寅生戊，老公让着她，反而老公被命主打。子平术学习需要找到志同道合的易友，一起实战研究。大龙研究三十余载，欢迎交流学习。
6,8,1,11,10,10,10,12,2,坤己未甲戌癸酉癸亥,1,乱伦是严重违背人类社会普遍伦理道德、公序良俗的行为，此案例与我三观严重不符。从命理学的角度，这种八字组合结构，又能扩展我们命理学的认识。学命理的人与普通人的认识有此区别，以此例来讲，当然要指责唾弃，但从命理学的角度来讲，是命生得不好，人随命走。现实中确实如此，命主中专察颜观色，漂亮与异性领导关系好。丁丑结婚，二胎怀孕时出轨被抓到打架流产，后面出轨多次，12年出轨亲叔并怀孕，13年与亲弟乱伦并离婚，15年二婚后，迁家到外地生活，将过去埋藏，重新开始。多婚案例，有兴趣的可以参考：坤造：己未?甲戌?癸酉?癸亥（空戌亥）胎元：乙丑??命宫：辛未大运：乙亥3?丙子?丁丑?戊寅?己卯?庚辰?辛巳癸亥日元生甲戌月，官星当令月上透伤官，天干比劫生伤官合制杀，地支官杀有根，座印自己时上见根。戌官是老公，酉戌穿与自己的印穿，夫宫官星死地，婚姻不会好。伤官甲木克戌官，甲在亥中长生，伤官有气，官杀重要制官，格局没有坏。早年北方运生伤官，可以制官中专毕业，79年生人中专学历很好。丙子运透财，伤官生财财生杀，破局无皇粮作销售。尽管反馈与异性领导关系好，按盘看必然有私情。丁丑运丑酉半会，杀是其它男从，出轨成性，多少人没人知道。壬辰与亲叔叔，癸巳与亲弟弟，盘中有没有象？还是有轨可寻。年上己未，未中丁是父亲，己从未中透丁己同象，己是丁的弟弟，是命主叔叔。命局伤官制官，亥起到关键作用，亥是弟弟。这里要注意，此盘亥是弟弟，若是四同盘亥起到作用，可以给姐姐提供助力，不代表乱搞。子平术学习需要找到志同道合的易友，一起实战研究。大龙研究三十余载，欢迎交流学习。
2,12,7,5,3,1,5,11,1,乾乙亥庚辰丙子戊戌,2,欲练神功格：必先自宫，金大侠书的故事，第一次在命学圈遇到，感谢山渝道人老师提供的一手案例。命主主要情况：医美中介带人去泰国做医美的，变性人！现在每年要花100万去韩国打针。我看了一下他的照片，是真美啊，太漂亮了，真的比女人还女人。有个男朋友在航空公司上班！辰代表女性的生殖系统，戌代表男性的生殖系统，辰戌冲就互带相，在2018年，他就开始做变性手术。一点一点做，一直做到2023年，卯戌闭库，把男人的阳刚之气全部闭掉了。做成功了。另类案例，有兴趣的可以参考：乾造：乙亥?庚辰?丙子?戊戌（空申酉）胎元：辛未??命宫：己卯大运：己卯3?戊寅?丁丑?丙子?乙亥?甲戌丙子日元生庚辰月，食神当令月上透财，时上戊戌，食重盗泄日元精气喜印年上透印乙木，不巧被月上财星合克。财是食神生的，食神在命局中起到坏的作用，食神主思想，行为。问命主是什么职业，特别之处？答：鸭，功能强。实际是医美，变性。医美圈没接触过，了解一些。我的认识不一定对，私生活比较乱，Gay相对多。初运东方印运，没有问题。行丁丑运，戊戌年开始，大运流年食伤加重，原局的病被放大，命主开始做变性手术，一直到23年手术完全成功。食伤泄透人漂亮，命主变性后比女人更女人。从命理学角度分析，印，食伤在命局中失衡，容易入风尘，同性恋。子平术学习需要找到志同道合的易友，一起实战研究。大龙研究三十余载，欢迎交流学习。
8,2,4,10,10,10,5,7,1,乾辛丑丁酉癸酉戊午,2,通过这个案例，我想表达一种研究命理学的态度，不能唯反馈反推，知之为知之，不知为不知。我没有断对，反馈后仔细研究，依然理解不了，将案例发出来，希望得到高手来讨论，互相研究学习。之前有关于时辰的案例，可以参考之前案例：乾造：辛丑?丁酉?癸酉?戊午（空戌亥）胎元：戊子??命宫：辛丑大运：丙申11?乙未?甲午?癸巳?壬辰?辛卯?庚寅癸酉日元生丁酉月，印星当令月上透财，地支一丑双酉，杀生印重年上透印，月上财克印。以前三柱而言，印重要制，财来坏印为喜。戊午时，己未时一透官一透杀，而地支一为财，一为杀。以命局来看，印要财制，财旺为宜。问哪个时辰出贵？我答的午时，反馈是未时。戊午时合官喜官旺，财来生官。观其行运，21乙未进入南方运，财旺之地，命主开始发迹，南方火地财来克印，与我上面分析一致。己未时丑未冲，杀被冲坏，所谓土越冲越旺不存在。丑未冲丁火财的根被坏，而这盘印要制，反而相悖，按理无贵气。子平术学习需要找到志同道合的易友，一起实战研究。大龙研究三十余载，欢迎交流学习。
4,2,10,2,8,10,10,6,2,坤丁丑癸丑辛酉癸巳,1,杀人的案例很少，到现在为止，被杀之人在命局中是哪个字，很难定义。这个盘，按反馈看有迹可寻。下面是主要事情：大专。20岁丙申到娱乐场所做陪酒陪唱赚些? ?钱的工作、认识一个男友很帅、开始恋爱期间被一个老板看上、在金钱的诱惑下陪睡，这个老板财大气粗、不把命主当人看、为了钱财只能忍耐。21岁丁酉二月、命主伙同恋爱男友加男友的一个朋友、一起约好一个地点、殴打老板要出钱财后、把老板打死分解尸体扔掉。因为人失踪了、家人寻找、发现银行卡里的钱被那走、这个线索、很快找到了命主一伙。22岁戊戌由于主要杀人是男友、命主和男友的朋友是合伙人、男友判死刑、命主和男友的朋友判死缓无期徒刑。另类案例，有兴趣的可以参考：坤造：丁丑?癸丑?辛酉?癸巳（空子丑）胎元：甲辰??命宫：辛亥大运：甲寅8??乙卯?丙辰?丁巳?戊午?己未?庚申辛酉日元生癸丑月，印星当令月上透食神，天干食神制杀，地去巳生丑，官印相生，癸在丑月是余气，时上癸巳食被巳中戊克。命局表现两种象，一制杀，二印制食神，这是一个矛盾的特征。因此要看命局想要表达什么，不是我们自己认为怎样。巳酉丑会金局，印当令所以杀应该制。问乙卯运丙申丁酉年何事？答：被强暴。实际为钱下海被老板虐后，与男友分尸老板。乙卯运卯酉冲禄，酉是座下，命主本人的事。命中要制杀，无财杀当财看，七杀是老男人，杀当财看有钱的老板，丁丑癸丑，丑伏吟一个象，丑是比劫库透丁杀，与老板发生关系，食制杀是为钱。丁酉年杀克禄，禄又被财冲断被强暴很合理。此盘只不过给钱，过程不被当人。癸卯月食透克丁，老板被杀，很合理。子平术学习需要找到志同道合的易友，一起实战研究。大龙研究三十余载，欢迎交流学习。
1,3,1,11,2,8,4,2,2,坤甲寅甲戌乙未丁丑,1,无德者必招灾殃，命运的改变在自身。下面案例女命主从几百万到瘫痪一无所有，是命也是自身德行不够。命主身高一米六二，结实强壮，风风火火很蛮横。命主之前是当地有名的黑大姐，有一帮小弟，蛮横强势，看不过就打人，身家几百万，风光无限。命主出家后脾气没改，在庙里打师傅。后面赌博输五十万。2025年，发生严重车祸，命主瘫痪在床，话说不清。出车祸前，命主正盘算着接手一座寺庙，做方丈，这样看来命主福薄，没足够的福报承受住持寺庙的机缘，德不配位，终究惨淡下场。从叱咤一方的黑大姐，到瘫痪在床、苟延残喘的出家人，命主这一生，一手好牌打得稀烂。原来剧本早映了命主的性格，而命主的性格，终究定了命主的命运。特殊女命案例，有兴趣的可以参考：坤造：甲寅?甲戌?乙未?丁丑（空辰巳）胎元：乙丑??命宫：庚午大运：癸酉5??壬申?辛未?庚午?己巳?戊辰乙未日元生甲戌月，财星当令月上透比劫，天干比劫一片生伤官，地支三财重，体弱要比劫制财助身，年支寅木可助身，座下未土为比劫库，可惜财逢三刑，时上伤官生丑土，丑未冲去根，会在财上大破。问命主是：1，尼姑?2，家庭主妇?3，公务员？答：是尼姑。自己座下未中有根，时上丑中有印，肯定有能力，不会是主妇。印不透无明根，公务员不可能。财重三刑无财，入空门是尼姑。命中甲寅是藤萝系甲的甲，只要甲木强，众财可取。时上丁丑食神从戌中出未中出，制丑中官杀，戌刑丑，未冲丑都有制官。因此命主很强势，是黑社会大姐。未是比劫库座下之物，自己带一帮人制财制官。以命相看15行壬申，官来生印，印生身，这步运开始坠入社会。财这么重，学历不会高。庚午运透官制比劫，按命相看16，17年官旺时，运势变差。己巳运天干比劫争财，寅巳穿根被坏要出问题，乙巳流年乙木本来助身制财，但是身座下伤官巳火泄身，穿坏寅木瘫痪。子平术学习需要找到志同道合的易友，一起实战研究。大龙研究三十余载，欢迎交流学习。
7,11,2,10,3,9,9,5,1,乾庚戌乙酉丙申壬辰,3,这是群友发出来的一手盘，因群友母亲与盘主小三之间的矛盾，当然具体的细节，群友不会讲，我们不知道，从命主语气来看，不可调和已经举报盘主，想看看结果会怎样。群友是命主手下的手下，命主是县级市的组织部长几千万身家，各方面的能量超出一般人想象，我劝群友要三思。人在冲动时，肯定很难心平气和的沉下来思考，一着不慎，反陷深渊。整理出贵的案例：39岁壬寅升正厅，四年后命主父亲反馈合官得官正处，五千万厅级伤官配印，几群无断对，到处讲假反馈文化馆科长官印相生，几群无断对乾造：庚戌?乙酉?丙申?壬辰（空辰巳）胎元：丙子??命宫：己卯大运：丙戌10?丁亥?戊子?己丑?庚寅?辛卯?壬辰?癸巳丙申日元生乙酉月，财星当令月上透印，天干乙庚合，财坏印生杀克身。地支两土两财，食神生财盗泄日元精元，整个命局只能弃命从财制印得权。弃命从财，体越弱，财越旺，制印的效果越好，权力越大。他一路行北方运，往东方运走，特别是己丑运，伤官泄身生财，仕途大好。庚寅运印来生身本是忌，好在大运透财，原局财重，可以制印不算破局。断庚子辛丑升组织部长，实际是壬寅年，官透的流年。丙午比劫克财肯定不利，但不会破局，被人投诉。此局最重要的财，大运克了财会有牢狱，不知命不知进退，群里有人讲可以搞部长，群里大师太多，不知信谁。子平术学习需要找到志同道合的易友，一起实战研究。大龙研究三十余载，欢迎交流学习。
5,5,10,12,4,2,6,10,1,乾戊辰癸亥丁丑己酉,2,这是一位粉丝加我，问七杀是否有制。制是没制住，好在有食伤，否则夭命。因为财泄了食伤生杀破格，命主幼年两次见生死。丙寅运总体压力大，从21年开始，慢慢变好，财一般。二婚与前妻复婚，不过老婆性格阴晴不定。乾造：戊辰 癸亥 丁丑 己酉（空申酉）胎元：甲寅 ?命宫：辛酉大运：甲子7 乙丑 丙寅 丁卯 戊辰 己巳 庚午 辛未 壬申丁丑日元生癸亥月，官星当令月上透七杀，天干食伤制杀。地支食伤制官本为喜，辰酉事，丑酉合，时上酉金财来生杀破局。喜印印在亥中不透，湿木不生火，印星无用。粉丝问能否制住杀？虽制不住杀，好在食伤重，不至于七杀无制，不然夭命，这命婚姻不好。幼年两次差一点死，有次已经断气，被救回。甲子运读书，杀见根尽管透甲印，但原命亥中甲是湿木，不能生火，初中毕业。中年行东方印运，制不住财，层次不高。丙寅运比劫助身，甲午流年印生羊刃体旺结婚，己亥流年，寅亥合官生印，进了中石油。丁卯大运印生身比劫助力，甲辰年透印生身，升职。子平术学习需要找到志同道合的易友，一起实战研究。大龙研究三十余载，欢迎交流学习。
3,11,5,11,2,8,9,7,2,坤丙戌戊戌乙未壬午,1,大龙盲派六爻群2020年8月开办，到现在6年，一直坚持打真擂，出题答案只有出题人一人知道，大龙盲派六爻群是全网第一个公开打真擂的六爻群。从开始的300多人，能坚持到现在的只有四五十人。大龙盲派六爻群擂题有三问，不是一问那种猜答案可以，上榜是真功夫。晚上通过冠军老师分析六爻易理，大家互相学习，不断总结，培养很多优秀卦师，现实中执业给人解忧。反馈：06年戌年出生，从出生到现在一直躺在床上，跟植物人差不多，20岁的人，看上去像个十一，二的孩子。出生一个多月胳膊被开水烫了，就出现这个意外，齐南人民医院查的说是脑神经衰死。反答与大脑有关的有分从六爻看，问06年小孩身休，是父母测以子孙为用神，应爻兄弟是子孙原神，申金临白虎空亡，病在金水，三爻申发动，临勾陈，是纠葛牵连，取精神血液病。病是因开水烫引起，植物人。那年得病，正常看六爻疾病，是问近几年的事，一出生得病，没人断对。二十年了，这病无解。申被世克，世下伏财生旺官，克原神申。子孙伏在父母下，一直受克。题目同时提供八字，下面从命理上分析：坤造：丙戌?戊戌?乙未?壬午（空辰巳）胎元：己丑??命宫：庚子大运：丁酉9??丙申?乙未?甲午?癸巳?壬辰乙未日元生戊戌月，财星当令月上透财，地支食神生财，一火三土财重。天干伤官生财又透印，如若无印伤官泄身生财，必然从财，现在透印克伤官破局，又坐比劫库，弱而不从。从先天命局来看，年上伤官泄身生财，财克印，病在丙火，伤官主思想，是头脑。印壬水受制，水是血液方面的病。能治好吗？八字看财重坏印是夭命，不会治疗好。丙申运官旺，庚戌流年透官，乙庚合官，庚是什么？庚是刀合是架在脖子上面，戌刑未去根，大凶之兆。子平术学习需要找到志同道合的易友，一起实战研究。大龙研究三十余载，欢迎交流学习。
7,5,8,6,5,5,1,3,2,坤庚辰辛巳戊辰甲寅,2,这是一位易友与我讨论，发给我实断盘。后面反馈是健身网红，网红叫我沐沐老师，最后被暴瓜。26岁，粉丝15万。兄弟们，这个瓜太炸裂了!抖音BBW健身女博主叫我沐沐老师，平时靠着大胸大臀教健身吸粉不少，还长期在小红书上网暴别人，然后受害者忍无可忍，直接把她的个人信息全扒了出来，结果一查发现，她抖音卖健身励志的人设，私下却在外网推特当福利姬疯狂赚钱，卖那些私家视频卖得还挺贵的，这下好了，网暴别人反被锤福利姬，果然不作死就不会死!有特色的女盘案例：坤造：庚辰?辛巳?戊辰?甲寅（空戌亥）胎元：壬申??命宫：丙戌大运：庚辰2?己卯?戊寅?丁丑?丙子?乙亥?甲戌戊辰日元生辛巳月，建禄格月上透财，地支年月日时日元有根，三支藏官杀，身强体旺。天干食伤混杂，制时上七杀甲，甲座寅穿巳，食在巳中的庚被穿坏，辛巳自合伤官被合制。命局顺其旺气。易友发来讨论，必有其特殊之处：年月食伤制杀，必然无贵，而年上庚食座辰有生，食伤又制不好，寅巳穿杀与自己的禄穿刑，穿刑是一种伤害，所以断其为男人所伤。实际是抖音健身网红，通过身休元素走红。通过国外网站卖自己的私家视频，小有名气。读书时行己卯运，官来生禄读大学没有问题。戊寅运自己座在杀禄上，寅是命局的甲寅，穿巳禄成名。癸卯年自己合财，在互联网发作品，开始成名。卯辰穿到夫宫，获得财富离不开男人。地支三柱有官，私生活丰富，积累大量素材，卖到国外很火。子平术学习需要找到志同道合的易友，一起实战研究。大龙研究三十余载，欢迎交流学习。
1,9,3,3,5,7,2,4,2,坤甲申丙寅戊午乙卯,1,最近网上看到一个白血病女孩找亲生父母，想找到一线生机治疗白血病，如花似玉的青春，突遇不幸。只有当年亲生父母给留下的字条，上面有时辰，结合收养证时间，完全符合。我想用另一种角度看下，能否找到亲生父母。大龙的朋友圈，公众号，视频号，全是我断截图，反馈截图。命理圈一直知道大龙断流年，层次，细节顶顶的。坤造：甲申?丙寅?戊午?乙卯（空子丑）胎元：丁巳??命宫：丙子大运：乙丑2?甲子?癸亥?壬戌戊午日元生丙寅月，七杀当令月上透印，天干官杀混杂。官杀重以印为用，月上透丙，粗看好命，官印相生。寅午半合，寅透在年甲座申绝地，申冲寅，丙为生母，有相生之实，无抚养这功。戊午日座印，午是养母，以午化官杀生身。时上乙卯，卯午破，午中己土被克，养母不能生养，卯午破，自己的印被破，寿元有碍。甲子运甲辰年，子午冲，印被冲坏，但甲生丙，问题不大，甲辰年七杀透克身，7月发现白血病。印坏化不尽这么多官杀，贵州是金地，在贵州相安无事。到扬州读书，扬州是东方木地，忌官杀到木地官旺，身体出现问题。癸亥运，寅亥合合到母宫丙动，乙巳年刑寅，全网找母。明年丙午，寅午会，母宫与自己合动，明年正月应该有信息。丙午年，命中卯午破，明年午到，要过关，辰月，下半年相当危险。子平术学习需要找到志同道合的易友，一起实战研究。大龙研究三十余载，欢迎交流学习。
10,4,10,12,10,12,5,7,2,坤癸卯癸亥癸亥戊午,1,大龙盲派八字实战打擂群，全是每个老师身边的一手八字，由群里易友轮流出，打擂当天晚上由出题老师直接反馈，答案只有出题老师自己知道。上榜的老师，剖析易理，分享经验。群里实断案例，比劫一片配伤官，死二老公，很精典的案例，命主主要信息如下：家中三姐妹，性格强悍，嘴巴非常厉害，言语毒辣，从不自身找问题，也听不进任何人的意见与反馈，一生要强可是命运多舛，越发激发了她心中的不公与他人的不满，钱财抓在自己手里，心深似海。她永远都是最无辜的，命最惨的，最受欺负的。第一任老公就是直接一顿打，因为她确实很讨厌。第二任老公，就是那种龟孙子的感觉，被他每天祖宗八代全骂一遍。15年跨16年腊月母亲离世，17年春节大年初四二婚丈夫意外离世52岁，18年底丑月原配丈夫离世49岁，19年腊月肺癌手术，紧接着20年的春节新冠肺炎疫情大爆发，她出院回家养肺癌。20年子女婚姻，因她的病情和疫情导致婚姻崩溃，同年2020年女儿生孩子，也因为要照顾她，离婚且放弃抚养权就为了把她命保住。坤造：癸卯?癸亥?癸亥?戊午（空子丑）胎元：甲寅??命宫：甲子大运：甲子9?乙丑?丙寅?丁卯?戊辰?己巳癸亥日元生癸亥月，劫财月上透比肩，天干比劫一片合官。地支亥从月伏吟到日，水势滔天，年上伤官，月日食神伏藏，食伤强势。卯午破官禄被，午中杀被克，婚姻不吉。胎元命宫伤官旺，甲子与戊午天克地冲，克夫明显，命局比劫一片加伤官一片，性格强悍，嘴巴非常厉害言语毒辣，与身边人没有关系好，午是官的根与禄，被亥克，伤官破，对老公拳打脚踢比劫一片克财，食伤一片偏激，对钱看很重小气，第二老公死时，昨晚被骂，早上被骂，出门去世，身上只有十几元，各一些硬币。在人面前哭穷，实际几百万有。戊辰运官透，春土气弱而命中食伤木旺，克夫。丁酉年午透在天是丁，比劫一片克财，夫亡。戊戌年戌冲辰，戊入戌墓，前夫亡。子平术学习需要找到志同道合的易友，一起实战研究。大龙研究三十余载，欢迎交流学习。
9,11,3,7,2,10,4,2,1,乾壬戌丙午乙酉丁丑,2,"元亨利贞论坛&nbsp;——&nbsp;简批实例集&nbsp;&nbsp;之十_般若易_新浪博客
元亨利贞论坛?——?简批实例集??之十
        
            2010-02-09 06:19阅读：
        
        
        
       
        
        
        
        
http://blog.sina.cn/dpool/blog/u/1640450075
        
        
        
        
        
        
            
        
                        　出生地：贵州　

公历：1986年10月14日23时37分　　农历：丙寅年[炉中火]九月十一日

乾造：　　丙　　　　 戊　　　　 壬　　　　 庚　　　　 (午未空)　

　　　　　寅　　　　 戌　　　　 辰　　　　 子　　

大运：己亥　　庚子　　辛丑　　壬寅　　癸卯　　甲辰　　乙巳　　丙午　　　

　　　 8岁　　18岁　　28岁　　38岁　　48岁　　58岁　　68岁　　78岁　　

始于：1994　　2004　　2014　　2024　　2034　　2044　　2054　　2064　　


般若易预测与命主反馈:

贵造大专学历。做技术类工作的，不然则是管理。   [
大专对的。技术工作。]
08年毕业的。08年找到的工作还不错，今年有点调整，花费多。 
   
[08年毕业。移动公司打工没前途。]
07年感情矛盾大，易分手。08年感情不利，有朋友则会分手。09年又有新朋友。
     [07
08感情都不顺，08下半年找到的新女友。]
女人缘挺不错的，长得也帅，家庭条件也好。 
  
[她还在读书人缘马马虎虎，样子还行，家庭条件不怎么，父母下岗。]
父母应该都是公职。父亲是公检法类的，官职不低处级。
 [ 
父母均是公职，父亲没有达到处级。开始是公检法的，后来因为那个年代司法局工资太低换单位了。]
今年令堂身体不好，应是血压、筋骨、泌尿系的疾病。
            
    
    
    
    [这个倒没出现什么大问题。]

令尊则是胃、心脏、肾不是很好。     
[ 我知道他胃不好，不能喝酒。]

出生地：江苏无锡

公历：1985年1月29日12时30分　　农历：甲子年[海中金]十二月初九日

坤造：　　甲　　　　 丁　　　　 戊　　　　 戊　　　　 (戌亥空)　

　　　　　子　　　　 丑　　　　 辰　　　　 午　　

大运：丙子　　乙亥　　甲戌　　癸酉　　壬申　　辛未　　庚午　　己巳　　　

　　　 9岁　　19岁　　29岁　　39岁　　49岁　　59岁　　69岁　　79岁　　

始于：1993　　2003　　2013　　2023　　2033　　2043　　2053　　2063　　　

般若易预测与命主反馈:

贵造大专学历，设计类文职工作的。 是滴，全日制大专，后来自己读个本科，确实从事文职工作
应是06年工作的。工作稳定，私人企业。工作不错，07年跟今年有小调整，今年去年不是很顺心。
      
06年中旬先是在私企实习，年底就到了一个500强公司工作至今。因为感情的事情这两年确实不顺心

感情上06年分一个，07、08年总算交朋友也是短暂的。08年下半年有一个，今年得分。  
 这两年交的朋友都是短暂的，08年下半年那个，09年初就分了
长得不错，比较多愁善感的女孩子。
 长得还算清秀，太~~~多愁善感了
父亲注意肾、心脏、血压。母亲注意筋骨、胃、血压、泌尿系疾病。
    父亲前段时间腰扭了，母亲筋骨是不好





公历出生时间：1982年07月01日02时10分  
农历出生时间：一九八二年 五月 十一日 丑时

乾造：壬戌    丙午   乙酉  
 丁丑  ——》年空：子丑  日空：午未

大运:丁未  戊申  己酉  丙戌

02    12   22  
 32

始于：1984　1994　2004　2014　　

般若易预测与命主反馈:

贵造学历不高，高中、中专。做技术、设计类工作的。在大型公司或国企类的。  （中专，做技术，原在不错的公司做了6年，07年底出来了0809财年很背）
工作比较稳定，07年得财、花费多。08年得财破财，工作上有调整。09年不顺心，花费大。
  （07是有钱的，08下半年开始变差，09简直就是地狱。未婚）
未婚。

07年有感情，留到08年是得分手的。去年底或今年新交了一个。  （08谈了一个2个月，今年新交一个3个月也结束了。）
贵造04年后令尊身体不是很好。是心脏、筋骨类的。
 （我在外地工作，对父亲情况不十分清楚，脾胃
一直不好，近年筋骨可能也差点）





公历：1959年2月1日7时19分　　农历：戊戌年[平地木]十二月廿四日

乾造：　　戊　　　　 乙　　　　 甲　　　　 戊　　　　 (子丑空)　

　　　　　戌　　　　 丑　　　　 寅　　　　 辰　

大运：丙寅　　丁卯　　戊辰　　己巳　　庚午　　辛未　　壬申　　癸酉　　　

　　　 2岁　　12岁　　22岁　　32岁　　42岁　　52岁　　62岁　　72岁　　

始于：1960　　1970　　1980　　1990　　2000　　2010　　2020　　2030　

般若易预测与命主反馈:

大叔：过了大半辈子了，总结起来人生还算精彩，富贵来了又走走了又来。  （富贵谈不上 有好有孬，年轻的时候能取个国企，那相当于现在当个公务员
甚至更好）
大叔是做设计技术的，应该是位工程师；有文凭。  （工程师 搞测量的
但是文凭不高，高中吧）
吃过国家饭，端过私人企业的碗，应是私人的碗端得比较久。 
（国企 一直 估计退休了
可能搞点私人的去）
孩子应是先女后男，两个。现在是有出息了；都有学历，应都能进公职或国企。 
 （小女 本来让她进国企 小孩不听话，呆了一年，小儿还在读书
慢慢来吧）
婚姻是人生的败笔，95年到99年，不是离婚，则是老婆有意外之灾。  
（是的 98年 ）
年轻的阳光、风浪后，现在是得以享受清福了。
 （晚运比较好些 否极泰来）

断错了，请大叔勿怪！   没错没错
小兄弟技艺高超





公历：1984年1月22日8时9分　　农历：癸亥年[大海水]十二月二十日

坤造：　　癸　　　　 乙　　　　 乙　　　　 庚　　　　 (子丑空)　

　　　　　亥　　　　 丑　　　　 卯　　　　 辰　　

大运：丙寅　　丁卯　　戊辰　　己巳　　庚午　　辛未　　壬申　　癸酉　　　

　　　 5岁　　15岁　　25岁　　35岁　　45岁　　55岁　　65岁　　75岁　　

始于：1988　　1998　　2008　　2018　　2028　　2038　　2048　　2058　

般若易预测与命主反馈:

贵造大专学历，做文职、财务类工作的。 （我做设计工作的
本科）
07年工作有调整。08年工作有变动。今年也有变动。 （是的啊 工作）

感情上，未婚。 （恩
是的）
07年感情分手，08年短暂，09年有感情。 （呵呵
是的）
贵在声音应该有些低沉，有破相，早年奶水不足。  （对低沉，但是没破相）





出生地：天津　

公历：1980年4月28日4时30分　　农历：庚申年[石榴木]三月十四日

乾造：　　庚　　　　 庚　　　　 辛　　　　 庚　　　　 (戌亥空)　

　　　　　申　　　　 辰　　　　 未　　　　 寅　　　

大运：辛巳　　壬午　　癸未　　甲申　　乙酉　　丙戌　　丁亥　　戊子　　　

　　　 2岁　　12岁　　22岁　　32岁　　42岁　　52岁　　62岁　　72岁　　

般若易:

1、贵造八字格局很高，应是研究生以上的学历。做策划、管理类工作的。进的都是大型公司或国企。

   回复： 谢谢大师，
加拿大，香港大学双硕士，注册会计师，全球注册金融分析师，目前在国内某大型金融机构做投资工作
2、07年工作有提升，有调整。08年换工作，新工作是提高一个档次。09年工作走动多，有小调整。这几年花费多。未婚。


   回复：
07年工作和财运都有提升，08年换工作，虽然是联合国驻华机构，但是老板人很坏，无耻，害人，09年让我提前识破，在合同到期前到找一家新的公司。09年走动多，这几年没买房，花费还可以，不算太多，存款一直在增加，未婚。

 3、07年有感情，08年分手。09年也有感情，但是矛盾多或是异地。

   回复：
已经三年单身了，没有谈感情，这几年一直把精力放在提高专业技能，考资格证书和工作
4、贵造母亲能力很好，父母都是公职类的。


    回复：
我妈脑子挺聪明的，但是我爸能力更强，是知名大学教授，博士生导师。




本文内全部命例均来自《元亨利贞》论坛本人的真实预测。



http://bbs.china95.net/viewthread.php?tid=389112&extra=&page=1

        
        举报/Report
    

    
    
     
                
        
         
         
            

        
        
        
        
        
       
        
        
               
       
      
       
       

        
            
分享
            
                .bl_share .share_lst li a {
                    display: block;
                }
            
            
                
我的博客
                
微博
                
微信
                
朋友圈
            
        
        
       
                
            
                
                
            
            
        
                
        
        
            
                
                
                
                    
                        N同时转发到微博
                    发送"
2,6,6,4,1,11,7,7,1,乾乙巳己卯甲戌庚午,0,"破财的八字命例集1_襄阳金笑易_新浪博客
乾：乙巳
 己卯  
甲戌   庚午，5岁运），李唯弘老师断他朋友2010年因朋友、同事、同学之事破大财、有官司纠纷。听到这里，这位老板说：“我实际是来找李老师策划投标的事，先考察下老师的水平，请见谅！您说的对，我这位朋友2010年5月因一生意客户人员坐他的小车在一路段出事被甩出，客户当场死亡，他自己没有受伤，但被警方控制，最后赔偿50万才了断，李老师您的水平高！”随后欣然请李老师为其策划。


　　　下面是李老师对以上八字的分析：

　　　出生日期：一九六五年二月十九日午时（阳历：1965年3月21日午时）

　　　男命阴年生逆排，距卯月令始为5岁1个月15天，即1970年5月6日起运。

　　　　　乾造：乙己甲庚

　　　　　　　　巳卯戌午

　　　　　　 大运：戊寅丁丑丙子乙亥甲戌癸酉


　　　年龄：5周岁 15周岁25周岁35周岁45周岁55周岁

　　　公元：1970年1980年1990年2000年2010年2020年

　　　 命主身旺，劫财当令，喜七杀制身，七杀有财生，可以为官或老板，实际是个老板，资产百万，2010年5月交甲戌运，庚寅年，七杀临，甲得禄，身旺不服杀制，易有灾。实际5月因一客户坐自己小车在拐弯时被甩出，当场死亡，自己被警方控制，最后赔偿50万才了断。




例3假从财官帮身之年破财百万

李唯弘/文

　　　前几日一对夫妻来到林之森信息咨询中心，慕名要求笔者为其夫妻预测人生，排出夫妻八字，断男士1997年人生好的变化，反馈当兵；断2000年工作提升且好的变化，反馈调到另一城市部队；断2003年结婚，妻子有内助之力，且给自己带来钱财，反馈正确；断生儿子，反馈正确；断2009年提职，反馈正确；断从2011年4月起就不利公职，要从事自由职业，且2010、2011年有是非纠纷官司，特别是2011年工作有不好的变动，官司纠纷更明显，否则破大财或两院之灾，先命主不置可否；再看女士八字，断2010年口舌是非，夫妻关系不协调，2011年破大财，这时夫妻才反馈正确，实际因为丈夫纠纷官司破财100万。


　　　男士出生日期：一九七九年八月初五日辰时（阳历：1979年9月25日辰时）

　　　男命阴年生逆排，距酉月令始为5岁6个月28天，即1985年4月23日起运。

　　　乾造：己癸乙庚

　　　地支：未酉未辰

　　　 大运：壬申辛未庚午己巳戊辰丁卯

　　　年龄：6周岁 16周岁26周岁36周岁46周岁56周岁

　　　公元：1985年1995年2005年2015年2025年2035年

　　　命主乙木生酉月，辛金当令，不旺，虽然在未中有余气，在辰中有中气，但辰空，月干有癸枭神生日主，但有年己财紧克，乙只有从命局旺势财官；天干透正官，适合当兵或公检法工作，实际当兵，但官坐空亡，虚职，实际是士官（非军官）；妻宫坐财，财为用神，妻子有内助之力，且给自己带来钱财，实际是做生意的好手，开公司发财；杀在前，先生儿子，实际现在有一个儿子（独生子女）；


　　　运：辛未，年：丁丑，丑未冲动，且为用，当兵；

　　　运：辛未，年：庚辰，庚辰填实，且为用，调动好的单位部队；

　　　运：辛未，年：癸未，妻宫临，结婚；

　　　运：庚午，年：己丑，丑未冲，己克癸，用神到位，提职；

　　　运：庚午，年：庚寅，庚官填实，调到一实惠的岗位；但2010年4月交午运，克官，不适合公职，就是因为这个公职埋下了隐患；

　　　运：庚午，年：辛卯，卯酉冲，辛生枭，卯未半合克动命局，卯为忌，杀临，官杀混杂，是非纠纷官司难免，卯为同类，是因为朋友的事，实际是陪朋友出去玩，与别人起纷爭，惹来官司，最后是妻子拿100万才把事情摆平；


　　　女士出生日期：一九八○年正月初一日酉时（阳历：1980年2月16日酉时）

　　　女命阳年生逆排，距寅月令始为3岁10个月27天，即1984年1月13日起运。

　　　

例4制药厂华中总代理运去英雄不自由

笔者李唯弘在工作中遇到的一个原东北某制药集团驻华中总代理，经受了大起大落，现就其八字与大家分享。


　　　 出生日期： 一九六三年十月廿七日辰时（阳历：1963年12月12日辰时）

　　　男命阴年生逆排，距子月令始为1岁2个月，即1965年2月12日起运。

　　　乾：癸甲己戊

　　　支：卯子丑辰

 　　　大运: 
癸亥壬戌&#5885
        
        举报/Report
    

    
    
     
                
        
         
         
            

        
        
        
        
        
       
        
        
               
       
      
       
       

        
            
分享
            
                .bl_share .share_lst li a {
                    display: block;
                }
            
            
                
我的博客
                
微博
                
微信
                
朋友圈
            
        
        
       
                
            
                
                
            
            2
        
                
        
        
            
                
                
                
                    
                        N同时转发到微博
                    发送"
2,2,5,3,2,12,8,6,2,坤乙丑戊寅乙亥辛巳,2,"论坛八字&nbsp;——&nbsp;两例职业篇（含命主真实反馈）_般若易_新浪博客
论坛八字?——?两例职业篇（含命主真实反馈）
        
            2009-12-05 10:46阅读：
        
        
        
       
        
        
        
        
http://blog.sina.cn/dpool/blog/u/1640450075
        
        
        
        
        
        
            
        
                        坤造：乙丑　戊寅
乙亥　辛巳 (申酉空)

大运：己卯　　庚辰　　辛巳　　壬午　　
　　　10岁　 20岁　 30岁　　40岁　
始于：1994　　2004　　2014　　        
    
    
    
    2024　



预测与反馈：

贵造应该是国企类或者大型企业工作的（一点没错，国企）。大专学历（是的）。
职位是文职管理类的(若不是,则是技术、设计类的)，07年工作变动。（刚开始是技术类，因为学的是ＩＴ，但是其实自己也不喜欢也不是很在行，０７年换了工作岗位），老师说的很准．


分析：

《玉照定真经》里有个决很适合解析此八字工作“亥入寅宫，滋养他人。”，命主是国企的，不就是滋养他人吗？


其实《玉照》也是一本很好的教材，有人认为是盲派而来，我认为是对的。《三命通会》是“亥入寅宫，福浅。”也是对的。


大运走卯运正是读书考学之年，比肩合印；无心上学，故是大专。


庚运，07年丁亥流年，丁冲动辛金，亥冲巳，故从技术换成别的，应该是文职类的。






男命：癸丑   
癸亥    甲戌
   
甲戌

大运： 癸亥
 
壬戌 
 辛酉   庚申
 
岁数： 0-8岁   9岁
 
19岁 
 29岁 

交运： 1973   1982   1992 
 2002  

贵造是在事业单位还是国企呢？（正确。电业局工作）
今年的春季升职了。（正确。今年3月13日提小部门副职）

        
        举报/Report
    

    
    
     
                
        
         
         
            

        
        
        
        
        
       
        
        
               
       
      
       
       

        
            
分享
            
                .bl_share .share_lst li a {
                    display: block;
                }
            
            
                
我的博客
                
微博
                
微信
                
朋友圈
            
        
        
       
                
            
                
                
            
            
        
                
        
        
            
                
                
                
                    
                        N同时转发到微博
                    发送"
10,2,6,8,1,1,10,10,1,乾癸丑己未甲子癸酉,4,"小偷骗子的八字命例集（1）_襄阳金笑易_新浪博客
乾：癸丑、己未、甲子、癸酉

6.8戊午、17丁巳、27丙辰、37乙卯、47甲寅、57癸丑、67壬子、77辛亥

他姥姥（外祖母） 是当地当时很有名的一个双枪老太婆，个子小小，生了10个子女，担任妇联主任很多年、当地县志都有记载。这个老太太
战争年代，救过共党4个部级高官的性命，解放后
高官屡次要请他姥姥出去生活，都不去，90年代才去世，享年90多。当时
也有命理师给他姥姥算命，说本来只有50多的寿，但就是因为救人积了大德，才会有90多的。

他爸 是原来十堰水务局的一个小官、他哥 现在子承父业
也在水务局任一小官

1994--1996年，在北师大上学，和我同学、上学那会儿，就在外边搞了一个在桑拿按摩的技师，大他两岁，上了两年，就有1年半都是这个女的养活他，那会儿
每月给他1500元

他说他上初中时候就开始搞班里的女人、16岁就不是处男了

此造之前 1996-2006年、此人那十年
主要靠经营歌厅、桑拿，养小姐，组织卖淫赚钱 ，此人 从1996年开始，靠养小姐、做鸡头，开歌厅、桑拿赚了点钱

2002年冬 在北京结婚
娶了一个小她1岁
属虎的女人

婚后，夫妻感情极其恶劣 他一直在外边养别的女人，

2008年上半年离婚，把房子、车子全给了女方、净身出户


他前妻的父亲 是北京城建集团2公司的纪委书记

他前妻的大哥 是 北京石景山区 当年最年轻的区长、现任
北京安监局局长 

2007丁亥年下半年开始，跟一帮贪官污吏混在一起，称兄道弟，开个公司，靠给人买官卖官、捞人办事赚钱，


2009己丑年5-6月份
诈骗了山东一个想买官的“大姐” 160多万，然后潜逃。

2010庚寅年7月4号
在北京朝阳被捕，同年11月，被判11年半，现正在湖北老家服刑

事后调查，还在广西诈骗别人200多万，诈骗重庆一老板70多万。

实话告诉你们，此人是我一个大学同学。（来源：神霄雷法论坛）


（2013年1月28日
金笑易整理）

        
        举报/Report
    

    
    
     
                
        
         
         
            

        
        
        
        
        
       
        
        
               
       
      
       
       

        
            
分享
            
                .bl_share .share_lst li a {
                    display: block;
                }
            
            
                
我的博客
                
微博
                
微信
                
朋友圈
            
        
        
       
                
            
                
                
            
            6
        
                
        
        
            
                
                
                
                    
                        N同时转发到微博
                    发送"
2,2,2,10,5,7,10,12,2,坤乙丑乙酉戊午癸亥,2,"命理：建房耗财的八字预测_梦死醉生命理_新浪博客
命理：建房耗财的八字预测
        
            2017-11-25 09:02阅读：
        
        
        
       
        
        
        
        
http://blog.sina.cn/dpool/blog/u/1704816431
        
        
        
        
        
        
            
        
                        （梦死醉生/文）

   
2017年一网友在《元亨利贞》论坛发八字求测，后据反馈我对财运等的预测较为准确。

原帖：《查看工作以及18年运势如何，谢谢！》

能给我看看工作如何吧？

八字简附：

坤造：乙丑、乙酉、戊午、癸亥（子丑空）。

大运：丙戌、丁亥、戊子、己丑、庚寅、辛卯、壬辰……目前在戊子大运的子运中（8岁起运）。

【断语】明年工作运势比今年还要好，不过明年财上损耗相对大些。供参考

【反馈】明年计划建房子，应该花费比较大的。



………………………………………………………………………………………………

【梦按】日元戊生仲秋，全赖坐下午火羊刃生身，这是个身弱八字。目前行子运，八字亥子丑三会冲克财帛宫午火，午火为印故被冲动。明年戊戌年，午戌半合，冲中逢合。天干有戊癸合财星也被合动。一般财印俱动的流年，容易发生购房建房等与房产添置有关的事情。断明年比劫帮身运势好，但财上损耗大。反馈明年命主要建房子，所以花费应该大。果验。
        
    
    
    
    
        
        举报/Report
    

    
    
     
                
        
         
         
            

        
        
        
        
        
       
        
        
               
       
      
       
       

        
            
分享
            
                .bl_share .share_lst li a {
                    display: block;
                }
            
            
                
我的博客
                
微博
                
微信
                
朋友圈
            
        
        
       
                
            
                
                
            
            
        
                
        
        
            
                
                
                
                    
                        N同时转发到微博
                    发送"
8,4,6,12,6,6,5,5,2,坤辛卯己亥己巳戊辰,1,"小偷骗子的八字命例集（1）_襄阳金笑易_新浪博客
坤二： 辛卯 己亥 
己巳戊辰

（4岁运，甲辰大运，以买彩票名誉骗取多个朋友300万癸未年被拘留，甲申流年判刑）

（来源：网络）



例5惯偷赖明

乾造：壬子 己酉 丙辰 甲午 

五岁另四个月上大运。

大运：庚戌 辛亥 壬子 癸丑 
甲寅

曾记师父教诲：看命，先要看什么当头，也就是年干是日主的什么十神。如果是偏神当头，若坏起来，会比常人更坏。此命是七杀当头；第二，再看天干露出来的是正神还是偏神，此命天干透得全是偏神；如果命局全部是坏，那也好，就像一个黑道头子，可以真正称霸世界，那也是王。怕就怕好坏掺半，这种人灾祸无穷。地支虽有羊刃帮身，但日主坐下为辰土，为正神，此处会晦火，说明本人无用处，月令为金，为才，又为正神，正神此时又帮不了命主。


又大运一路走来，直到四十五岁，都为官杀水运，背运。（来源：书艳的新浪博客）




例6入室盗窃破窗而入


乾：  甲子   
    丙子   
    癸卯   
    丙辰 (日空辰、巳)

运：丁丑　戊寅　己卯　庚辰　辛巳

一洋ＱＱ断：恐怕是因财或女人入监狱（对）这个人是贪财而不是女人
进的应该是晚上入室盗窃（对）


此八字结构出了问题，卯在身下表示人的思想或者说是欲望。但是此八字，子卯相破，说明此人的想法档次不高，就是比较低下的意思。而且卯穿了辰，辰
表面为官 
其实也是水的库，可以看成是住家房屋。卯为欲望，穿破房屋，什么意思？————破窗而入，
盗窃！

为什么我没断是拦路打劫？是因为
，他日干为癸，通禄在地支，地支一片比劫，比劫也有通过不劳而获获得别人财富的意思。


子为阴，而且两子，入了辰库。辰表示住所，所以是偷偷潜入房屋的意思。


因为子为阴为暗，子也是老鼠的象，所以是偷偷摸摸的，当夜深人静的时候，子的力量就开始变得强大。子为比劫，他的不劳而获的想法就开始左右他的欲望，于是他就在卯的支配下
破了辰，进入辰中
。所以他整个八字的信息就是告诉我 
他会在晚上去入室盗窃 而不是去强奸女性。



例７盗窃牢狱刃格透伤印

滨滨有礼发表于 2010-12-30
10:19 

公历：1988年10月2日14时38分　　农历：戊辰年[大林木]八月廿二日

起运：命主于出生后1年11个月5天14小时开始起运

交运：命主于公历1990年9月8日4时交运

乾造：　　戊　　　　 辛　　　　 庚　　　　 癸　　　　
(午未空)　

　　　　　辰　　　　 酉　　　　 寅　　　　 未　　　　
　

大运：壬戌　　癸亥　　甲子　　乙丑　　丙寅　　丁卯　　戊辰　　己巳　　　

　　　 2岁　　12岁　　22岁　　32岁　　42岁　　52岁　　62岁　　72岁　　

05乙酉年因盗入牢半年，

07丁亥年年底因旧案件之事再次入狱1年，

09己丑年2月又因盗入牢两年，国历11年3.月出来

明年2011辛卯羊刃受冲，为财为女人，凶灾来速。不过待验。

（命例来源：神霄雷法论坛）



例８鸡头诈骗入牢狱

本帖最后由 申水流通 于 2011-10-11 03:24


贴主说明：这是2011-10-10日在徐伟刚五福八字群，一位叫易生轶事的易友提供在群里供大家群断、讨论的实例。命主的人生命象很丰富，而此人是其同学，八字来源可信，所以很有研究价值特此整理论坛上，供大家学习参研。


1973年农历六月二十八，即阳历7月27日，命主生于云南 时柱报癸酉
、按真太阳时算 是否应调整为
甲戌、——我的实践经验以北京时为准："
5,9,4,6,2,6,5,3,2,坤戊申丁巳乙巳戊寅,2,"丧偶八字命例集（10例）_襄阳金笑易_新浪博客
坤造：戊申 丁巳 乙巳
戊寅

大运：甲寅 流年：丙戌（38岁）

反馈：婚姻不美满，其夫去年（06年）8月死于车祸，是丙戌年8月死于车祸。

（金笑易注：命犯孤鸾，夫哭妇，妻哭夫。此命年月日三重孤鸾。寅巳申三刑，伤官极旺。命犯伤官，不远嫁即丧夫。）


  

命例来源：紫气山人的博客http://blog.sina.cn/dpool/blog/s/blog_617286d50102dx4x.html?vt=4





联系有偿命运分析请加金笑易QQ631604401


更多精彩文章请百度“金笑易博客”，免费求测请发邮件到金笑易QQ邮箱。




        
        举报/Report
    

    
    
     
                
        
         
         
            

        
        
        
        
        
       
        
        
               
       
      
       
       

        
            
分享
            
                .bl_share .share_lst li a {
                    display: block;
                }
            
            
                
我的博客
                
微博
                
微信
                
朋友圈
            
        
        
       
                
            
                
                
            
            2
        
                
        
        
            
                
                
                
                    
                        N同时转发到微博
                    发送"
8,6,10,6,10,12,3,5,2,坤辛巳癸巳癸亥丙辰,4,"亿万富翁八字命例集1_襄阳金笑易_新浪博客
坤：辛巳　癸巳　癸亥　丙辰

大运 甲午 乙未 丙申 丁酉 戊戌
己亥 庚子 辛丑 

年份 1948 1958
1968 1978 1988 1998 2008
2018

断其本人：对人热情，讲义气，本人对待工作专心，进取心强，执着。

   1988年-1998年，工作不顺利，折腾，辛苦。从1998年进入好大运，自己做事业。1999年、2000年，2001年，2002年事业大发，天财横发！现在的家产已十多亿了。



 例
        
        举报/Report
    

    
    
     
                
        
         
         
            

        
        
        
        
        
       
        
        
               
       
      
       
       

        
            
分享
            
                .bl_share .share_lst li a {
                    display: block;
                }
            
            
                
我的博客
                
微博
                
微信
                
朋友圈
            
        
        
       
                
            
                
                
            
            2
        
                
        
        
            
                
                
                
                    
                        N同时转发到微博
                    发送"
1,3,3,3,1,5,4,4,2,坤甲寅丙寅甲辰丁卯,1,"妓女小姐老鸨命例集（一）_襄阳金笑易_新浪博客
坤造:甲寅,丙寅,甲辰,丁卯


十岁运

2001年光顧，客人自言是在浴室工作。

1．喜金沒金，格局差。

2．兩個合局，兩寅卯辰。

3．比劫在前面，有食無財，財化比劫。

4．大運一路下去寒濕，批其一生為妓，甚至會吸毒，短命而死。

5．命無夫星，官為半忌，有土，喜濕及合局，夫緣很薄，一生無正夫，只有男友。

（来源：蒋文正的新浪博客）

（金笑易2013年1月26日整理）

        
        举报/Report
    

    
    
     
                
        
         
         
            

        
        
        
        
        
       
        
        
               
       
      
       
       

        
            
分享
            
                .bl_share .share_lst li a {
                    display: block;
                }
            
            
                
我的博客
                
微博
                
微信
                
朋友圈
            
        
        
       
                
            
                
                
            
            1
        
                
        
        
            
                
                
                
                    
                        N同时转发到微博
                    发送"
10,4,1,3,6,12,10,10,2,坤癸卯甲寅己亥癸酉,1,"妓女小姐老鸨命例集（二）_襄阳金笑易_新浪博客
坤造:癸卯,甲寅,己亥,癸酉

四岁起运

這個客人02年來的，面上有明顯的痣，眼肚很黑，但醫生檢查過沒有發現有甚麼疾病。她和另一日本男人一同前來，相信他們是有暖昩關係。此女懂中英日泰語，在中國城當媽媽生的。


已離婚，有一23歲的女兒，另一女13歲。

曾跟日本人到日本同居，住了幾年，一生生活無憂，還經常當媽媽生。

 （命例来源：
        
        举报/Report
    

    
    
     
                
        
         
         
            

        
        
        
        
        
       
        
        
               
       
      
       
       

        
            
分享
            
                .bl_share .share_lst li a {
                    display: block;
                }
            
            
                
我的博客
                
微博
                
微信
                
朋友圈
            
        
        
       
                
            
                
                
            
            
        
                
        
        
            
                
                
                
                    
                        N同时转发到微博
                    发送"
6,10,4,4,7,5,4,12,2,坤己酉丁卯庚辰丁亥,0,"子平研究：生死窍50例【上25例】_释缘易学_新浪博客
坤造：己 丁 庚 丁 （身弱） 

       
 酉 卯 辰 亥 

大运：戊辰 流年：丙 寅（17岁） 

反馈：甲午月命主自杀。 

技术点窍：流年的关键字为丙火七杀攻击日干，这个流月是半合杀局助旺杀的应期。

        
        举报/Report
    

    
    
     
                
        
         
         
            

        
        
        
        
        
       
        
        
               
       
      
       
       

        
            
分享
            
                .bl_share .share_lst li a {
                    display: block;
                }
            
            
                
我的博客
                
微博
                
微信
                
朋友圈
            
        
        
       
                
            
                
                
            
            
        
                
        
        
            
                
                
                
                    
                        N同时转发到微博
                    发送"
3,3,1,7,9,5,2,6,2,坤丙寅甲午壬辰乙巳,1,"妓女小姐老鸨命例集（一）_襄阳金笑易_新浪博客
坤造：丙寅 甲午 壬辰 乙巳，

  
看了她的生辰八字之后，我说这个女的长的还是比较漂亮的，只是身材偏胖，张老三说道：是的，她身高大约1.70米，大腿很粗，还有小肚子，就像怀孕二三个月的孕妇。职业是做酒店的或者做销售的，张老三说是一家商店的营业员。当时我看了这个女的八字后就直觉到这个女的不简单，为何呢？因为她命里夫星特别多，而且都藏在地支之内，也就是说此人外表看似随和大方，实际上是一位多情多欲而且男友多多的风流女子，但是因为他们刚开始谈对象，我也不便上来就给他泼冷水的。


     
后来不到半个月的时间张老三就与她的新网友分手了，谈了他们以前的交往经历之后，果然证实了这一点。这位张老三网恋的功夫确实不错，每个月都会钓到一二个新的网友，然后在自己的宿舍内发生一夜情，与以前的网友有不同的是，此位美女属于主动脱衣上床型的，搞的这位张老三有些丈二和尚摸不着头脑，因为以前的网友大多数是半推半就型的或者是誓死抵抗型的。此位美女上床就脱衣服，脱完之后就问张老三：你咋还不脱衣服呢？我平时睡觉一般都是穿衣服的，张老三有些不知所措的回答到；但是张老三毕竟不是坐怀不乱的柳下惠啊，说归说其实心里早就蠢蠢欲动了，于是乎干柴碰上了烈火就熊熊燃烧起来。第二天这位美女就对张老三说：你追我，我们谈对象吧。张老三还是有些耿耿于怀啊，在心里暗自寻思道：你第一次就和我随便上床，难道和其他的男的不也是如此吗?怀疑归怀疑，但是恋爱还是要继续啊，一个人的日子毕竟寂寞难耐啊。于是乎开始了两个人的恋爱，但是此位美女也不是傻子啊，接下来就不停的找一些理由向张老三要礼物，比如我过生日你得给我买东西啊，磨叽了多次之后，毕竟给美女磨的心软了，便送给了这位美女一辆自行车，没想到在得到自行车之后，这位美女就来了180度的大变脸，从此不再理张老三了，于是乎张老三说分手也行，你得还我的自行车啊，但是这位美女是光答应就是不见行动啊，一场闹剧就这样匆匆结束了。（来源：不才老朽的新浪博客）




例７酒廊小姐命造：

　　一九六三年十月初十卯时。"
2,4,10,8,4,4,5,9,1,乾乙卯癸未丁卯戊申,2,"破财的八字命例集1_襄阳金笑易_新浪博客
乾造：乙卯 癸未 丁卯 戊申

4岁上运08年进入己卯运

断：

一、经商命，学业不佳，初中未毕业。（对的。）

二、庚辰大运，乙庚合化金气，开始折腾工程。是的！盖因：乙木为印为土地、房屋，庚金为财，乙庚合化财气，靠此赚钱。地支寅卯辰三会东方木局亦为工程类。


三、己卯运，三卯合未塞火，庚寅、辛卯两年木当权而财临绝胎，因工程破财数百万。你应为此事而来！回答一个字“唉！”


四、壬辰年前来求测：断其去年之事今年发，罗圈官司没头打！申辰拱子财化鬼，这场官司钱要赔。他说冤枉。断曰：财化鬼必拿之财，岂能你说冤枉就冤枉？




故此断到：此事与情屈与理不屈，这钱你必拿无疑，否则，银色手镯你是要带的。实际反馈目前处在取保候审状态。




他说目前看赔钱是一定的啦，可能要赔80万左右，我说卦上看        
    
    
    
    60万你要赔的，好一好能缩到五十万。你说的八十万不靠谱。其结合实际一算目前拿出人情费25万，对方要35万，我说你现在就给25万就能摆平。其说中间人也是这么说的，现在要给现金，25万就能了事。



接着问：去年工程欠他的钱能不能要回？断曰：去年欠你30万，能要回。今年，有人找你合作，应该是做管道、桥洞一类的工程，实际是一个远房亲戚管什么管道布控（忘了是什么管道了，不是自来水就是城市引水工程一类的）要与其合作。




解曰：丁火日主申金为财，己卯大运申酉空，申金为传送，金属空还传送，不是管道是什么？乙卯年生人子丑空亡，流年虚拱子水官星，是个虚像，代表从中牵线搭桥，但是，子水耗泄申金之气，所以代表抽干股。辰土为食伤代表投资，合局代表合作。子水为天后，为桃花，故此，这个远方亲亲应为一个老女人。


例2车祸客户死亡赔偿50万

林之森信息咨询中心/文

　　　前几日某老板找到襄阳林之森信息咨询中心，慕名要求李唯弘老师看看他的一朋友这几年运气如何？排出八字（"
8,12,7,3,3,3,8,4,2,坤辛亥庚寅丙寅辛卯,1,"妓女小姐老鸨命例集（二）_襄阳金笑易_新浪博客
坤造：　　辛亥　　　 庚寅　　　 丙寅　　　 辛卯　　　
(戌亥空)　

　　　大运：辛卯　　壬辰　　癸巳　　甲午　　乙未　　丙申　　丁酉　　戊戌　　　

　　　 9岁　　19岁　　29岁　　39岁　　49岁　　59岁　　69岁　　79岁　　

始于：1979　　1989　　1999　　2009　　2019　　2029　　2039　　2049　　　

（1）我断此八字1992年结婚(反馈：那是现在女儿她爸，后来离婚了。)

（2）我断2006-2007有爱情（反馈：2006年底到2007年，只有三个月，我是很喜欢他，他小我三岁，后来分手了）

（3）我断此八字能找钱，但不会积蓄，花钱如流水。（反馈：以前赚钱容易，但就是象流水一样，后来被男人骗了一些，赌博输了一些）


（4）我断此人漂亮（反馈，当时是广东最漂亮的妈眯）

（5）我断此人嫁的老公不行能力差，靠不住。（反馈：以前跟我在一起我开了几家服装店，他什么都不做，跟我背包拿货，现在开出租车，女儿她爸脾气不好，经常动手打我，然后下跪认错，累。就是因为他没有出席，在家又说不起话，我95年赚了钱就给他买车，经常出车锅
，他撞车都说是别人的错 ，我开了三年的车没有出过一点点事。）

（6）我断读书很一般，那个年代最多高中。（反馈：初中毕业就没有读书了，现在喜欢看一些关于管理，经营之道等等）


（7）我断容易找情人。（反馈：没有情人。后来聊天她自己说：年轻的时候漂亮，很多男人我都看不上。我自己一个人去打拼的，去了广东就认识了一个香港人，他帮了我很多。那个香港人对我很好，我就是因为他不肯离婚就跟他分了）


（8）我断生女儿机会大，生儿子不好养（印旺克子）(反馈:是女儿,很漂亮)。

（命例来源：辛酉丑命馆和讯博客）



例３曾當風塵的命"
10,4,1,1,3,9,7,1,2,坤癸卯甲子丙申庚子,1,"妓女小姐老鸨命例集（二）_襄阳金笑易_新浪博客
坤造：癸卯　甲子　丙申　庚子

大运：6乙丑　16丙寅　26丁卯　36戊辰　46己巳　56庚午　　

此 命 丙 火 日 元 ，
生 於 子 月 官 星 當
令 ， 又 時 為 庚 子
， 日 元 自坐 申 金 ，
申 子 半 會 水 局 ，
金 水 旺 矣 。 雖 月
干 甲 木 透 出 ， 通根
於 卯 ， 但 可 惜 命
中 火 氣 全 無 ， 濕
木 無 焰 ， 不 能 引
生 丙 火。 格 成 財 宮
旺 而 用 印 劫 。
　　　　　　　　

此 命 夫 宮 坐 財 而
子 水 兩 合 ， 一 生
能 得 異 性 之 財 ，
但 常 常 處 於 三 角
關 係 當 中 ， 不 能
自 拔 ， 以 致 婚 嫁
不 定 。 又 因 格 局
甚 清 ， 故 長 得 異
常 漂 亮 。 　　　　　　　

　此 命 十 六 歲 開
始 與 人 同 居 ， 十
八 歲 開 始 做 舞 小
姐 ， 因 漂 亮 之
關 係 ， 所 以 紅 極
一 時 。 二 十 三 歲
丙 寅 年 後 轉 做 舞
女 大 班 ， 但 引 來
之 客 人 追 求 她 還
多 於 追 求 她 所 帶
之 小 姐 。 至 九 零
年 後 轉 做 正 職 ，
但 在 九 三 年 間 未
婚 產 子 。 近 況 不
詳 。 　

（命例来源：龙晒衣的天涯博客）　



例５养老公的小 姐 命"
1,7,4,2,1,9,2,12,2,坤甲午丁丑甲申乙亥,1,"妓女小姐老鸨命例集（二）_襄阳金笑易_新浪博客
坤造：甲午　丁丑　甲申　乙亥　

大运：６丙子　16乙亥　26甲戌　36癸酉　46壬申　　　　　　　　　　　　　　　　


此 命 天 干 比 劫 食
傷 齊 透 。 夫 宮 坐
殺 為 忌 ， 命 中 午
為 紅 艷 桃 花 ， 再
加 十 一 歲 至 十 六
歲 運 行 子 水 ， 而
子 為 沐 浴 桃 花 ，
有 桃 花 沖 桃 花 之
象 ， 且 子 午 相 沖
， 用 神 受 傷 ， 所
以 十 六 歲 前 經
已 離 家 與 男 人 一
起 ！ 但 可 惜 命 中
夫 宮 坐 七 殺 而 為
忌 ， 所 以 每 每 所
托 非 人 ， 那 些 男
人 利 用 她 為 搖 錢
樹 ， 賺 錢 養 他
。 十 六 歲 至 廿
六 歲 乙 亥 運 時 ，
申 亥 相 沖 ， 夫 星
亦 有 屢 換 之 象 。
一 生 唯 有 二 十 六
歲 至 三 十 六 歲 甲
戌 大 運 ， 較 為 開
心 安 定 ， 但 廿 六
歲 後 癸 酉 、 壬 申
， 雖 有 夫 運 ， 但
亦 不 看 好
。（命例来源：龙晒衣的天涯博客）　

　　

例６老鸨之命 

1963年女命"
6,2,8,8,7,11,6,4,2,坤己丑辛未庚戌己卯,1,"妓女小姐老鸨命例集（一）_襄阳金笑易_新浪博客
坤造：己丑 辛未 庚戌 己卯 

8岁 18岁
28岁 38岁
48岁 58岁

十八岁丙午年犯桃花，与丈夫发生肉体关系，订婚，事后发现不妙，要求退婚，丈夫不肯，一直拖到二十一岁。己酉年离婚，二十二岁又结婚，二十七岁乙卯年，本人犯桃花有外遇。三十三岁辛酉年羊刃劫财（卯酉冲）正式离婚。三十三岁后到夜总会卖笑。三十四岁为应招女郎。


按此命造日座寡宿，主伤夫，孤独。年月日，带丑未戌：而日犯桃花，红艳煞，有带刑合。故红杏出墙。堕落风尘也。（来源：预测师郭启梁的新浪博客）




例9一同去做妓别人跟老板你跟司机

这两个女子打扮的很时尚，一个披着白色风衣，颈上系条粉红丝巾；另一个穿着黑色连衣裙，身材凹凸有致，皮肤白晰细腻，保养到家，几乎看不出年龄，并排坐在师父对面。
我忙准备记录，以方便自己学习。师父算命从来都是心算，只是偶尔会看下我记的笔记。

那个黑衣女子轻启水晶红唇，说：“我是1970年阳历2月3号早上6点生。”

我快速地转换成了农历：69年十二月二十七卯时，并排好了八字："
3,7,5,11,4,8,7,11,2,坤丙午戊戌丁未庚戌,2,"6249032353 Sat Jul 04 23:30:02 +0800 2026
古书没说印星财星当配偶时嫁老头儿，，只有“女犯伤官嫁老头儿”的说法，，现实遇到的案例也都如此，大八岁都算小的，最大的大19岁，，//@蕤蕤生花:回复@考磐国学:印星和财星也是代表成熟男嘛//@考磐国学:回复@蕤蕤生花:伤官星是夫星时，不管它在哪，都喜欢成熟男，，//@蕤蕤生花:月柱也是老头儿嘛// ...展开
【转发】满盘食伤也能嫁富豪

坤造：丙午 戊戌 丁未 庚戌
大运：丁酉 丙申 乙未 甲午 癸巳 壬辰 辛卯 庚寅

每日案例750反馈

【A】命主嫁的丈夫比她大十几岁，90 年代就已经有 A10 了。
案例反馈信息：粉丝/学生收集整理，参考出处：豆瓣。

解析：
丁火日主，地支未戌土里都有火根，天干又有丙火帮身，所以这 ??? ...展开"
1,3,4,2,3,3,1,7,1,乾甲寅丁丑丙寅甲午,2,"6249032353 Thu Mar 19 21:52:22 +0800 2026
回复@happy-and-luckyer:一种叫顺载财官，就要生，另一种叫逆载财官就要制，， 顺载财官类似通常说从财官//@happy-and-luckyer:制财官是一种拥有财富地位的手段，生财官也是另外一种拥有财富地位的手段吧。什么情况需要去制，什么情况需要去生呢//@考磐国学:财官星代表社会地位，制住财官，就是拥有了 ...展开
【转发】独财入墓，克妻

乾造：甲寅丁丑丙寅甲午

民间八字体系中，若是财星入墓则妻子必然多病或者是早逝。比如财星为木则入未墓，财星为火则入戌墓，财星为水则入辰墓，财星为金则入丑墓，财星为土则入戌墓，这里和大家介绍一下，为什么土入戌墓，因为土随其母，火生土则火是土的母，而戌是火的墓，则土是火 ??? ...展开"
6,10,5,5,3,3,1,7,1,乾己酉戊辰丙寅甲午,2,"6249032353 Thu Jul 02 06:44:52 +0800 2026
回复@Phonerchali:原局就是枭印格，水来辅佐枭印，水是命局中最大的相神，，再者，命局中辰这个水库就是蓄水养木，，，午火卸枭，，午是命局破枭印格的点，，//@Phonerchali:请问考磐老师，这个局怎么会走水运发呢？不该走木火发吗？//@考磐国学:这本身就是个富贵格局，从乙丑，甲子，癸亥一路好运，一 ...展开
【转发】赌技高超，靠的到底是财运，还是偏门手段？

乾造：己酉 戊辰 丙寅 甲午
大运：丁卯 丙寅 乙丑 甲子 癸亥 壬戌

反馈：命主 13 岁辛酉年开始混迹社会，没几年就跟着一帮人吃喝嫖赌。后来跟一些“老前辈”学会了赌术，不是单靠手气，而是赌技很高。到了乙丑运，九十年代末已经靠赌博赢到几百万，而且一 ??? ...展开"
10,12,2,4,9,11,4,8,1,乾癸亥乙卯壬戌丁未,0,"6249032353 Tue Jun 23 17:08:27 +0800 2026
回复@用户7672202051:是的，这个是原局有病，大运是没有药的，所以什么运都治不了病，，早年水运能制丁，但戌这个病根无制，，唯独可以走辰运冲戌，或者未运刑戌，，丑运虽能制戌，但同时也制了未，，//@用户7672202051:就是出生后一直走背运，感觉这个八字走什么运都不行啊// ...展开
【转发】伤官制坏官杀，水木运为忌，酗酒炒股赌博

乾造：癸亥 乙卯 壬戌 丁未
大运：甲寅 癸丑 壬子 辛亥 庚戌 己酉 戊申 丁未

每日案例738反馈

【A】命主无业，打工，喜欢酗酒、炒股、网络游戏赌博。2008 年结婚，2018 年离异。2024 年先是肺部疾病，后转肝癌去世。
案例反馈信息：粉丝/学生收集整理，参考 ??? ...展开"
9,9,3,7,7,7,7,5,1,乾壬申丙午庚午庚辰,1,"6249032353 Mon Jul 13 17:08:00 +0800 2026
A与B的差异不是很大，都符合年时金水包局，生活在一个好的圈子里，在圈子内被丙火打压，，区别在于一个生活在外人羡慕的单位里，在单位里憋屈，另一个生活在被人羡慕的家境里，同时受着憋屈，，唯独C的差距大，更像己卯时，//@观星日志:是呀，八字一样的人有很多的，但他们的人生经历也各不相同。所以 ...展开
【转发】三人相同八字，境遇大不相同
　
乾造：壬申 丙午 庚午 庚辰
大运：丁未 戊申 己酉 庚戌 辛亥 壬子
　
反馈：
A：命主在金融公司上班，付出和收入不成正比。2018 年压力大，2026 年压力也很大，被领导穿小鞋。
B：命主是设计师，2018 年开始得有抑郁症。目前在家里，由父母养着，家境可以。
C：命主是赌 ??? ...展开"
5,11,2,2,6,8,3,3,2,坤戊戌乙丑己未丙寅,2,"6249032353 Thu May 21 21:27:54 +0800 2026
回复@用户7672202051:稼穑从来都不存在，所有的格局都要按照正格看，，这个局丑当令，丑中人元无一透干，就表明这个司令昏庸无道，就要推翻它，就要制丑，以及丑中的金水，，，八字格局就两种，一是生用结构，另一个是制用结构，这个局就是制用结构//@用户7672202051:坤造，戊戌  乙丑  己未  丙寅 ...展开
【转发】星座超话《渊海子平》云：“戊己生居四季中，辰戌丑未要全逢，喜逢财地嫌官杀，运到东方定有凶。

这句话被理解成稼穑格，，其时，稼穑就不叫格，，

稼穑格，从格，，本质都不叫格，，要看正八格属于哪一格，，只有正格成格的稼穑，正格成格的所谓的从格，才是富贵

辰戌丑未，是四种不同性质的土 ??? ...展开"
2,4,10,8,8,10,2,8,1,乾乙卯癸未辛酉乙未,3,"6249032353 Tue Mar 24 01:33:11 +0800 2026
回复@Alex-For:杂气财格，未卯合局，命局以卯为用神，未为相神，可谓是用相两旺，成格入贵，但酉金冲卯是破格之所，破格无贵，求财又当以财财格，酉冲卯，也是求财上的困局，，此命就是官做不成，求财又受酉金所累，酉这个禄就是忙碌辛苦的禄，，事必躬亲，刚愎自用，格局打不开，事业做不大，// ...展开
【转发】厂二代，千万身家 
乾造：乙卯 癸未 辛酉 乙未
大运：壬午 辛巳 庚辰 己卯 戊寅

反馈：
出生富裕家庭，父母开加工厂，2000结婚，接受父母工厂，扩大规模，暂时为董事长，财富千万以上。2020-2021年口罩影响亏损300多万。

提问：
卯未合木，卯酉相冲，是卯木受伤还是酉金受伤？

学八字超话 ??? ...展开"
4,4,9,3,3,7,3,9,1,乾丁卯壬寅丙午丙申,3,"6249032353 Sat Apr 25 08:19:48 +0800 2026
定位六亲，壬寅为母，壬丁合，卯寅互为阴阳，丁卯就是父亲，卯申相合，申为父亲的财，早运金旺，就是父亲为其挣下的资产。命主丙午之所求是寅木，赖寅所生，寅卯为命主之所求的财，行运不见寅卯，注定难有成就。2024-2025甲辰乙巳，虽见寅卯，特别是乙巳，巳火比劫倒泄寅卯之气，比劫分印，岂能不败。
【转发】【讨论帖】
家里留下一千万，为什么一投资就败光？

乾造：丁卯 壬寅 丙午 丙申
大运：辛丑 庚子 己亥 戊戌 丁酉 丙申 乙未 甲午

反馈是：命主父亲早年做修车生意，2015到2016年前后去世，留下两套房和一点现金，加起来大概一千多万。命主从2024年开始自己投资，最后几乎全部亏完，现在还负债累累。

 ??? ...展开"
10,4,5,7,1,7,4,4,2,坤癸卯戊午甲午丁卯,1,"妓女小姐老鸨命例集（二）_襄阳金笑易_新浪博客
坤   癸戊甲丁 

    卯午午卯  
运6 
己未  庚申 
辛酉  壬戌  癸亥 
甲子

   
八字一见面就是以财合印，去了那点水，也就扯掉了那块破布。

   
甲在午午之上，难逃烈焰，肢体卯木，以刃之性纵身伤官之中，尽情而彻底——对自己残忍对别人也残忍。
以伤官化刃，割皮肉生财，一身桃花吐艳。

   
早年庚申辛酉，纷踏而来的官杀，如“过江之鲫”。

   
到癸亥运，自身花色已谢。亥午暗合去桃花焰火，浴火脱身。该运戊癸合，癸水目绝丁火。卯亥合，抱水不失期时。


   
丁卯，丁火依旧闪烁。这里是她借木生火，借火生财之象了。

   
能当老鸨的，得有这样的命！（八字来源：未知）



例7當媽媽生(为妓女招揽生意的老鸨)"
5,7,5,7,9,11,10,4,1,乾戊午戊午壬戌癸卯,0,"子平研究：生死窍50例【上25例】_释缘易学_新浪博客
乾造：戊 戊 壬 癸 （从格） 

     午 午 戌
卯 

大运：辛 酉
流年：乙 酉
（27岁） 

反馈：哥哥是个修理工，那天哥哥正在修车，他用电钻钻孔时，突然钻把手打在我哥的胸膛上，我家人就赶紧送我哥去医院，前后不到7分钟，我哥的心脏就停止跳动了，在医生的抢救下也是无济于事。
        
    
    
    
    

技术点窍：关键字为酉金，岁运构成双酉冲卯，旺金冲木，将用神“卯”连根拔起。此为二冲一，又为旺冲弱，用神五行偏弱被连冲带克，毫无救援，可见生死悠关，且冲为突发性、偶然性的意外事故，金为致命因素，所以命主被金器突伤至死。原来这是用神克绝无救的死亡类型。


例二、阳历1975年9月14日丑时"
3,3,2,8,1,11,4,4,1,乾丙寅乙未甲戌丁卯,2,"6249032353 Sun May 03 17:23:01 +0800 2026
要论比劫夺财成立的话，那也应该是别人抢他老婆！这个局是以劫财乙木当老婆，，原配是丁卯，小三是乙未，，乙未的原配是丙寅，壬寅年克丙，乙未与丙寅分开，，癸卯年克丁卯，命主与丁卯分离，，，留下甲戌被乙未刑冲，，命局以卯木为财，小三虽然强势，但却自带财库，，
【转发】比劫成三合局，出轨离婚

乾造：丙寅 乙未 甲戌 丁卯
大运：丙申 丁酉 戊戌 己亥 庚子 辛丑 壬寅 癸卯

每日案例688反馈【A】

包工头老板，2023年出轨，小三找到家里闹，老婆起诉离婚。

一、旺衰取格用神
甲木日主，地支有寅卯木为根，天干又透乙木，卯未合木，日主明显偏强。甲木生于未月，乙木坐未 ??? ...展开"
5,3,7,9,9,3,8,12,2,坤戊寅庚申壬寅辛亥,4,"6249032353 Fri May 29 11:53:23 +0800 2026
就这个局，能有如此福份？日禄归时，双寅坏禄，申也穿禄，巳运又冲禄……禄都坏成这样了，，只有庚戌时，才有可能，……个人观点，一家之言//@吉道先生:这个局夫宫食神是个好东西，病在枭神夺食，丁巳运枭神被制，食神完全解放出来，夫宫喜用神发力，财星解放的，嫁个有钱人。
【转发】为什么她能高嫁十亿级富二代？

坤造：戊寅 庚申 壬寅 辛亥
大运：己未 戊午 丁巳 丙辰 乙卯 甲寅 癸丑 壬子

反馈：上周刚结婚，对方是十亿级富二代。她以前做过空姐，婚后也进了男方家族企业上班。外形条件很强，身材高挑，很有女人味，过去接触的对象大多非富即贵，感情经历也比较复杂，目标感一直 ??? ...展开"
1,5,2,12,9,9,8,12,1,乾甲辰乙亥壬申辛亥,2,"亿万富翁八字命例集1_襄阳金笑易_新浪博客
乾：甲辰　乙亥　壬申　辛亥

财气通门户格局。房地产商。亿万富豪。

此造壬申日主，生于亥月，建禄司权，得旺令。日元可谓强旺，能承大财，喜食神伤官旺而透干，食伤生财财源远，典型的财气通门户格局，故能大富。此造印星以羊刃申金为根，印旺，故名气较大。只可惜，08戊子，申子辰化劫财局，破财不少，皆因大气运造成，房价大跌，印星失根，名气受损。从这点看，国运与个人命运真是息息相关，而从房地产商的八字，也可倒推出中国房价应在2010年（庚寅）正月大反弹，今年冬季有可能是最低点。此实例可以证明，看财运只看财星强弱来论是不全面的.




此八字特点: 无财星(火),但食伤为用泄秀有力,一派富贵架式.



例10从财格"
6,10,4,2,1,3,4,4,2,坤己酉丁丑甲寅丁卯,1,"妓女小姐老鸨命例集（一）_襄阳金笑易_新浪博客
坤造：己酉  丁丑  甲寅 
丁卯

我还未来得及排大运，这里师父已开腔：“妹仔呀，你这张命好硬好苦呢。我有话直直说呵。”

那黑衣女子目不转睛地盯着师父，点点头，说：“大师，但说无妨，苦成何样？”

师父端起面前的小茶杯，呷了口茶，清了清嗓子，说：

“苦成这样：一同去做妓，别人跟老板你就跟司机！”

那知师父又说：“玩完了后人家还要吐口水骂你娘呵。”

“大师大师，真是服了你。”不料白衣女子此时竟对师父竖起大姆指，又对旁边的黑衣女子的说：“还真准呢，每次我碰到的都是老板级，你碰到的男人不是穷光蛋就是赖皮呵。上次还听你说碰到了虐待狂呢。”（命例来源：书艳的新浪博客）




例10一生為妓的風塵之命"
3,11,8,4,2,8,4,12,1,乾丙戌辛卯乙未丁亥,0,"子平研究：生死窍50例【上25例】_释缘易学_新浪博客
乾造：丙 辛 乙 丁 （身旺） 

       
 戌 卯 未 亥 

大运：丁酉 流年：甲申 （58岁）


反馈：04年遭枪决。 

技术点窍：此流年关键字为申金，与大运、年支刚好形成金局。流年的关键为干支力量的去向，可以看出这个金局是冲卯去的！那么将日主的根拔起一定会死人吗？原来是大运酉冲卯使格局转弱，流年又给酉金加猛力，被拔根的用神遭到猛克猛冲，日主哪还有生还之气？可以看到金是致死之因，枪弹为金属之物。为何不是车祸呢？可见四柱展示性质，而不对应物质，金模拟坚硬的物质，如胆结石、枪弹、车、刀等不定因素，但我们可以铁断为金器、坚物突然致命。



 例四、阳历1988年1月7日午时"
8,10,10,6,3,9,5,11,1,乾辛酉癸巳丙申戊戌,2,"考磐国学 Thu Aug 06 08:28:50 +0800 2026
回复@乌云快走开er:不是贤内助吗？那最可能是壬辰时，，是不是贤内助不是看她破财，，而是愿意不愿意不离不弃，并一如既往的支持对方，，破财只是夫妻共同的运势造就，，//@乌云快走开er:他老婆恐怕不是贤内助吧
【转发】学八字超话 邹市明的八字详细解读

乾造：

辛癸丙戊
酉巳申戌

1999己卯年进入国家队。
2003癸未年，世界拳击锦标赛男子48公斤级亚军。
2004甲申年，雅典奥运会拳击48公斤级半决赛，获得季军，
2008北京奥运会，冠军。
2012壬辰年8月，伦敦奥运会49公斤级蝉联奥运会男子拳击最小级别冠军。

2016 ??? ...展开"
5,5,1,3,7,3,3,11,2,坤戊辰甲寅庚寅丙戌,1,"妓女小姐老鸨命例集（二）_襄阳金笑易_新浪博客
坤造：戊辰 甲寅 庚寅 丙戌

大运 癸丑  壬子  辛亥 
庚戌  己酉  戊申  丁未
 丙午  

岁数 1  
  11    21 
  31    41 
  51    61 
  71   


年份 1988 
1998  2008  2018 
2028  2038  2048 
2058 

这女孩子说自己初中文化，在夜场领舞，感情上多次受伤，遇到的男人都是骗子，09年的时候因为经济诈骗差点坐牢，现在显得很颓废，对人生不抱什么希望。

（命例来源：金玉章的新浪博客）



例2        
    
    
    
    作过妈眯的生意人"
2,12,5,3,1,9,4,4,1,乾乙亥戊寅甲申丁卯,2,"6249032353 Thu Jul 02 20:18:03 +0800 2026
乙亥与丁卯年时相合，亥是命局中的贵人，寅亥合破，是寅抢夺亥，寅旺则夺亥，亥旺时，亥寅合，是亥中壬制寅中丙，申制寅，，寅透戊，又被乙木制，，命局构成:亥申卯乙，制戊寅的结构，乙亥运，就是戊寅受制的应期，，//@考磐国学://@考磐国学:用乙制甲，乙亥运是乙木旺，寅木受制，乙亥运可以成事，，
【转发】乾造：乙亥 戊寅 甲申 丁卯
大运：丁丑 丙子 乙亥 甲戌 癸酉 壬申 辛未 庚午

每日案例748
以下哪个选项更符合实际情况：
A、开厂老板，千万身价
B、水电工，负债

星座超话看八字超话学八字超话#每日案例专栏# ???"
3,3,6,12,10,10,3,5,2,坤丙寅己亥癸酉丙辰,2,"6249032353 Sat Jul 25 00:59:50 +0800 2026
想起一个类似组合的局，deepseek最后给出:“杀控禄神，端人碗看人脸”“运转西方，捧印奉上”，，命局组合算是完美，都是用神，只是亥寅合，辰酉合，略有一丝瑕渍……影响了格局高度，，
【转发】劫财格身不强，印运托起平台，甲辰年升职加薪
　
坤造：丙寅 己亥 癸酉 丙辰
大运：戊戌 丁酉 丙申 乙未 甲午 癸巳
　
每日案例770反馈

【A】编制内，稳定工作，在医院妇产科做医生。2009 年结婚，婚姻稳定。2024 年升职、加薪。
案例反馈信息：粉丝/学生收集整理，参考出处：易缘八字论坛。
　
分析 ??? ...展开"
10,4,10,12,9,9,10,4,2,坤癸卯癸亥壬申癸卯,1,"妓女小姐老鸨命例集（一）_襄阳金笑易_新浪博客
坤造：癸卯 癸亥 壬申 癸卯 

6甲子 16乙丑
26丙寅 36丁卯
46戊辰 56己巳

 
十九岁辛酉年桃花。辛克大运之乙，酉冲年时之卯，伤官桃花相冲，该年八月失真。

 
水木伤官，为人聪明秀丽，任性不驯。善于辞令。然而金水太旺“水盛多淫”。

 
二十五岁行丙寅大运，寅为日主申之驿马，所以工作不稳定，常换工作。常换男友。

 
日上是桃花煞，生年是癸卯纳音是金，临官在日支申见劫煞。凡人遇上临官，曰桃花，皆是好酒色。故去酒廊上班。故乙丑大运沦落风尘。而日亥申相亥不利婚姻。


（来源：预测师郭启梁的新浪博客）



例８夜总会小姐命造："
3,3,3,9,7,11,9,7,2,坤丙寅丙申庚戌壬午,2,"考磐国学 Mon Aug 03 17:53:08 +0800 2026
癸巳大运，巳申合，以官杀制比劫，求的是申金，制住了申金，逢金得财，，申金比劫就是被割的韭菜，原局壬水未制尽，，所以壬寅癸卯年，意味着申金无制，，被割的韭菜不再听她忽悠了，，，
【转发】建禄格食神制杀，癸巳运先赚后亏
　
坤造：丙寅 丙申 庚戌 壬午
大运：乙未 甲午 癸巳 壬辰 辛卯 庚寅
　
每日案例780反馈

【A】从事直播带货，2019—2021 年三年赚了两个亿。2022—2024 年连续投资失利。
案例反馈信息：粉丝/学生收集整理，参考出处：笑看浮华
　
反馈里说三年赚了两个亿，但没有注 ??? ...展开"
8,4,4,10,7,9,3,11,1,乾辛卯丁酉庚申丙戌,0,"子平研究：生死窍50例【上25例】_释缘易学_新浪博客
乾造：辛 丁 庚 丙 （身旺） 

       
 卯 酉 申 戌 

大运：辛卯 流年：乙酉 （54岁） 

反馈：胃癌于04年8月切除，05年2月病逝。 

技术点窍：此为羊刃煞，羊刃的信息之象为刀，是一把手术刀，刃就是匕首。也就说日主此年跟动手术有关，要进医院。虽不一定是胃癌，却跟癌症有很大关系，因为手术多为切除。不知道读者有没注意到此命局刃局成化，藏着隐患，流年为金羊刃伏吟为忌，信息同时指向身体，因强根、比劫为身体，伏吟为身体哭泣呻吟。



例十五、阳历1976年12月22日卯时"
2,4,2,10,10,12,10,2,2,坤乙卯乙酉癸亥癸丑,0,"子平研究：生死窍50例【上25例】_释缘易学_新浪博客
坤造：乙 乙 癸 癸 （身旺） 

       
卯 酉 亥 丑


大运：癸巳 流年：癸 酉
（79岁） 

反馈：己未月因肠道疾病去世。 

技术点窍：关键字为流年的酉金。大运的巳、命局的丑和流年的酉形成三合金局将寿元星食神“卯”连根拔起，克至死绝。金是致死之因，酉又为大肠，将病应在了肠道上,此为同步信息.从原局来看先天组合也不好，酉克到了乙和卯两颗寿元星，大运流年再一起加力日主不堪承受，一命呜呼。实际上此为寿元星食神被冲克死绝的死亡类型。



 例三、阳历1946年3月22日亥时"
8,10,4,10,2,8,4,2,1,乾辛酉丁酉乙未丁丑,0,"6249032353 Wed Jul 08 08:33:21 +0800 2026
原局病在时支的丑，，生于仲秋，火炼秋金，就是一个炼丹炉，，丑中藏水，，见水则炸炉，，，癸巳运，丑中癸水引动，，癸巳年与辛丑年，都是丑透癸辛，，
【转发】相同八字案例，食神制杀，为什么都走在癸巳运中？
　
乾造：辛酉 丁酉 乙未 丁丑
大运：丙申 乙未 甲午 癸巳
　
反馈：同一个八字，出生在山西的，走到癸巳运癸巳年去世；出生在四川的，走到癸巳运辛丑年去世。两人最后都是肝癌。
案例反馈信息：粉丝/学生收集整理，参考出处：意川。

分析链接: ??? ...展开"
6,2,8,8,10,4,10,2,1,乾己丑辛未癸卯癸丑,0,"子平研究：生死窍50例【上25例】_释缘易学_新浪博客
乾造：己 辛 癸 癸 （身弱） 

       
 丑 未 卯 丑 

大运：丁 卯 流年：丙 寅（37岁）


反馈：肺癌死了。 

技术点窍：此例颇有争议，在格局分析上有难度，因为日主近似从格，实际笔者在实际断验中发现水日干地支见两丑土为身弱格。身弱喜辛金生身，金印为用，大运、流年的力量主要集中在辛金，岁运旺透丙、丁火意在克去辛金，辛金在原局极弱构成此造的最薄弱环节，在岁运重火相克使原局的金五行严重失衡，辛金为肺，致使命主死于肺癌。



例二十二、阳历1968年1月12日辰时"
4,4,10,2,8,10,1,7,2,坤丁卯癸丑辛酉甲午,0,"子平研究：生死窍50例【上25例】_释缘易学_新浪博客
坤造：丁 癸 辛 甲 （身旺） 

       
 卯 丑 酉 午 

大运：辛酉 流年：乙酉 

反馈：此人6月服毒自杀。 

技术点窍：命主为何会自杀？这个流年的关键字为酉，日支为心，是日主的内心世界，流年在这个位置伏吟为忌时主伤心、痛苦、郁闷事，想流眼泪、想哭、死亡，在实际断验中多见命主在这种流年里自杀，岁运信息同步锁定日支，命主肯定在这步运的这一年遇到了令自己哭泣、痛苦、伤心或绝望的事情，所以命主会自杀，是死亡应期的一标志性物质。

例五、阳历1970年2月18日戌时"
9,1,7,11,1,7,2,12,1,乾壬子庚戌甲午乙亥,0,"子平研究：生死窍50例【上25例】_释缘易学_新浪博客
乾造：壬 庚 甲 乙 （身弱） 

       
 子 戌 午 亥 

大运：癸丑 流年：甲申 （32岁） 

反馈：04年遭人杀害。 

技术点窍：关键字为申，流年的组合为日干坐杀的形态，官杀为克身之物，代表凶杀、意外、病伤、流血。七杀是杀身之物，为凶神，官杀克身为忌多是被杀和自杀。在这里可以看到预测模式的描象，流年的甲木原来就对应日主自己，通过模拟命主当年的某种状态而告知我们命主被杀，同时也揭示了身弱的日干不能坐杀头上。

 例九、阳历1975年5月14日巳时"
3,3,1,7,1,5,3,3,1,乾丙寅甲午甲辰丙寅,1,"6249032353 Sat Jul 18 17:08:24 +0800 2026
只有乙丑时才符合她的状态。丑被寅午合局所制，制官杀太过，，，官星被穿坏了，胆小怕事，，流年火旺，，恐慌加剧
【转发】离婚后长期抑郁，今年诊断精神分裂
　
乾造：丙寅 甲午 甲辰 丙寅
大运：乙未 丙申 丁酉 戊戌 己亥 庚子
　
反馈：命主做厨师，在饭店打工。2011 年结婚，2018 年离婚。离婚后精神状态一直不好，长期抑郁，压力比较大。今年年初病情加重，后来诊断为精神分裂症，目前还在治疗中。
案例反馈信息：粉丝/ ??? ...展开"
3,3,10,6,7,5,2,10,1,乾丙寅癸巳庚辰乙酉,1,"6249032353 Sat Jun 06 23:00:51 +0800 2026
应该是甲申时，丁运冲癸，酉运合辰闭伤官库，同样制伤官，丁冲癸只是不顺，酉合辰，，就等于被上了枷锁，，
【转发】丁酉运，到底是伤官见官，还是官杀克身太旺？

乾造：丙寅 癸巳 庚辰 乙酉
大运：甲午 乙未 丙申 丁酉 戊戌 己亥 庚子 辛丑 壬寅

反馈：命主2019年起中度抑郁，之后一直反反复复。长期失眠，内耗严重。2023年因抑郁症住院，失业，至今找不到合适的工作。中途也有随便找过工作，但每天负面情绪很重，内 ??? ...展开"
8,8,8,4,2,12,2,10,2,坤辛未辛卯乙亥乙酉,4,"6249032353 Sun Jun 21 16:44:51 +0800 2026
七杀为夫，亥卯未，木局，满盘的木都是老公的财，，，旺夫命，，可惜啊亥化酉生卯，亥卯未会局，酉金逢冲时，，自身有灾啊，，
【转发】能嫁富二代的美女

坤造：辛未 辛卯 乙亥 乙酉
大运：壬辰 癸巳 甲午 乙未 丙申 丁酉

反馈：命主身材婀娜，长相清秀漂亮。虽然出身普通家庭，但大学阶段就有多个条件很好的富少追求，最后嫁入亿万富豪家中。
案例反馈信息：粉丝/学生收集整理，参考出处：星斗春辰。

星座超话看八字超话 ??? ...展开"
8,10,7,3,7,7,9,7,1,乾辛酉庚寅庚午壬午,0,"子平研究：生死窍50例【上25例】_释缘易学_新浪博客
乾造：辛 庚 庚 壬

       
 酉 寅 午 午 

大运：丁亥 流年：丙戌 （25岁） 

反馈：甲午 月跳楼自杀身亡。 

技术点窍：前面说过官杀不可过旺，不论喜忌旺则有灾，这个流年的关键字为丙火和地支的戌成三合杀局攻身，路线是丙克日干，日支的午杀借到火局的力量克日干庚金，可以说官杀的旺度在这个流年发挥到极点。杀主被杀和自杀，又大运伤官打官显现凶祸标志，命主死在午月，因午火伏吟到日支克日干庚金。

 
 例十九、阳历1953年10月23日未时"
5,3,2,4,6,4,7,7,1,乾戊寅乙卯己卯庚午,2,"6249032353 Sat Jul 11 00:53:39 +0800 2026
弟弟虽然同性恋，弟弟的为人做事，格局斗比哥哥高，，哥哥是个一辈子纠结内耗的人，弟弟活的更洒脱，
【转发】双胞胎八字，弟弟是同性恋，还喜欢上了自己的亲哥哥 
 
乾造：戊寅 乙卯 己卯 庚午 
大运：丙辰 丁巳 戊午 己未 庚申 辛酉 
 
反馈： 
这是一对双胞胎。出生条件很好，但父母长期在外开公司，所以两岁到十二岁这段时间，实际生活状态和留守儿童差不多。 
 
哥哥性格更果断，也不耍心机，对弟弟一直很好 ??? ...展开"
8,2,7,3,1,11,1,1,1,乾辛丑庚寅甲戌甲子,0,"子平研究：生死窍50例【上25例】_释缘易学_新浪博客
乾造：辛 庚 甲 甲 （身旺） 

       
 丑 寅 戌 子 

大运：乙酉 流年：乙酉 （44岁）


反馈：在2005年除夕之夜，发现呼吸困难，到医院检查，就已经是肺癌晚期，06年4月1日死亡。 

技术点窍：关键字为酉金。此例是断肺病的一种技术类型，当命局先天庚、辛金虚透无根，流年见酉金强根为呼吸病，有的应验鼻、咽喉，有的则应验于肺部。流年与大运为岁运并临，信息指向死亡，肺病死亡。
释 缘
 

例十四、阳历1951年9月17日戌时"
3,1,6,12,9,9,7,1,2,坤丙子己亥壬申庚子,0,"子平研究：生死窍50例【上25例】_释缘易学_新浪博客
坤造：丙 己 壬 庚 （太旺） 

     子 亥 申
子 

大运：戊戌 流年：乙酉 （9岁）


反馈：白血病死亡，弃婴。 

技术点窍：这个流年关键字为酉引动的三合金印局生身，为什么为血液病？可以看到先天组合的特点是水过旺，五行先天失衡，过旺为忌的五行和过弱为用的五行为最薄弱环节。流年三合来生扶，导致格局偏枯，加重失衡。大运又透旺杀攻身，杀本主死亡，命局又属太旺的格局最忌克所以应了白血病。



 例十三、阳历1961年2月10日子时"
7,11,5,3,6,6,1,11,1,乾庚戌戊寅己巳甲戌,0,"子平研究：生死窍50例【上25例】_释缘易学_新浪博客
乾造：庚 戊 己 甲 （身旺） 

       
 戌 寅 巳 戌 

大运：庚 辰 流年：己巳 （19岁）


反馈：89年到四川玩，被水淹死（阳历7月份）。 

技术点窍：这个命例的关键字为庚、甲、巳，关键点是大运的庚克甲，伤官打官为凶祸、死亡标志，又因为死亡是一生中最痛苦的事，所以流年信息同步了，在这一年日支伏吟为忌，内心难过、痛苦。原来此例是伤官打官、日支伏吟为忌两种同步信息锁定的死亡类型。

 例六、阳历1978年9月4日寅时"
10,6,9,11,4,8,4,8,1,乾癸巳壬戌丁未丁未,0,"子平研究：生死窍50例【上25例】_释缘易学_新浪博客
乾造：癸 壬 丁 丁 （身旺） 

       
 巳 戌 未 未 

大运：戊午 流年：甲戌 （41岁） 

反馈：94年阴历7月死于肺癌。 

技术点窍：此为癌症的一典型命例。伤官旺打到官的位置为癌症的部位，伤官旺打不到官的时候，伤官的位置为癌症的部位。此原局月柱伤官打官，月柱为肝和肺，不是肝就是在肺上。流年的关键字为戌土，伏吟到月支克壬水正官，大运也透伤官坐生，大运伤官打官为癌症的应期。



例二十、阳历1974年12月8日卯时"
1,9,9,9,7,7,8,6,1,乾甲申壬申庚午辛巳,2,"6249032353 Wed Mar 11 06:29:17 +0800 2026
这个比劫虽多，但财星并不是配偶，命局就不存在克妻之说，命局以七杀为配偶，这是娶贤内助为妻，
【转发】人人都说此人克妻，但为何此人性格柔软？

乾造：甲申 壬申 庚午 辛巳

此人对象反馈：
每个师傅都说此人克妻，但是和他相处了7年，感觉他性格很柔软，相处中反倒我是那个急躁的人。

分析：
玄学行业多的是半瓶子水的师傅，看到比劫旺就说别人克妻。这里天干食伤生财，地支官杀制比肩，反而是疼老婆， ??? ...展开"
10,10,3,5,2,10,9,7,1,乾癸酉丙辰乙酉壬午,2,"6249032353 Thu Jul 09 00:14:46 +0800 2026
这是野鸡配色狼，1??辰合二酉，身边都是脚踩多只船女人都喜欢一龙二凤的游戏
【转发】名校博士，私生活混乱

乾造：癸酉 丙辰 乙酉 壬午
大运：乙卯 甲寅 癸丑 壬子 辛亥 庚戌 己酉 戊申

反馈：命主一路名校到博士，现在已经在稳定平台当导师做研究。可现实里的男女关系却非常混乱，国内国外各有一个长期女友，还长期出轨、约炮。两个长期女友后来彼此知道了对方的存在，也都没有分手。
 ??? ...展开"
9,3,10,4,5,7,9,11,1,乾壬寅癸卯戊午壬戌,1,"考磐国学 Fri Jul 31 15:24:16 +0800 2026
寅木为贵人，卯木为小人，命局以印比当财，，申运合卯冲寅，远贵人亲小人，，
【转发】财杀太重，寅午戌三合火局，印星可以救命

乾造：壬寅 癸卯 戊午 壬戌
大运：甲辰 乙巳 丙午 丁未 戊申 己酉

每日案例775反馈

【A】出生家境温饱，家里还有个姐姐。大专或本科学历。早年在国企工作，后来离职下海经商，做外贸公司。一婚，中年后夫妻关系恶劣，为了孩子没有离婚。一个儿子，小富层次 ??? ...展开"
2,8,10,8,3,11,3,9,1,乾乙未癸未丙戌丙申,2,"6249032353 Sat May 09 20:45:39 +0800 2026
更新的不勤啊，我就够懒的了，比我甚啊
【转发】未戌刑的利与弊

乾  乙未  癸未 丙戌  丙申

      丙戌自合即丙辛合财，妻星辛金正财，正星得正位。好夫妻喜静不喜动，不喜刑冲破穿，两未刑一戌是不利妻子的，把辛金刑坏了，不离婚就容易有伤病灾。
    
      而且自己坐支戌土也是自己的身体，辛金代表了呼吸器官、肺，咽喉、牙齿等。
     
     ??? ...展开"
5,7,7,9,6,6,3,3,1,乾戊午庚申己巳丙寅,0,"子平研究：生死窍50例【上25例】_释缘易学_新浪博客
乾造：戊 庚 己 丙 （身弱） 

       
 午 申 巳 寅 

大运：癸亥 流年：甲申 （26岁） 

反馈：命主因得白血病于甲申年寅月病逝。 

技术点窍：此流年干支组合为伤官打官，为凶祸、癌症、绝症、死亡（包括自己和近亲）、见孝服。为何死于寅月？因寅为正官，刚好构成双寅冲一申，官见伤官，官见伤官是死亡的另一类型，所显现的事象与伤官打官性质相同，又一死亡标志。

 例七、阳历1946年5月17日酉时"
10,6,7,9,3,5,7,3,1,乾癸巳庚申丙辰庚寅,2,"子平研究：生死窍50例【上25例】_释缘易学_新浪博客
乾造：癸 庚 丙 庚 （身弱） 

       
 巳 申 辰 寅 

大运：丙辰 流年：丙子 （43岁） 

反馈：乙未月命主被钢模砸头而死。 

技术点窍：这个流年与大运和原局形成两个水局克日干丙火，流年的丙就是日主自己，日干为头部、大脑，这个流年模拟的是日主当年的一种状态，就是头部受压的一种状态，因为官杀本身就是压力。实际被重物砸头而亡。
释缘易学公众号


例二十四、阳历1971年12月30日寅时"
9,9,6,10,9,1,5,9,2,坤壬申己酉壬子戊申,0,"6249032353 Tue Mar 24 01:43:15 +0800 2026
这难道就是传说中的“禄倒马斜”吗？
【转发】坤造：壬申，己酉，壬子，戊申
1学历：初中。
2职业：先天双腿残，在某私企福利厂打工。
3婚姻：丧夫未嫁。
4财富：温饱。
5：2015乙未年结婚。
6：2018戊戌年二月夫车祸升仙。
7：2018成戍年四月父车祸升仙。
8：2019年领养的女孩因病死亡。
9：2025年十二月母肺癌升仙。
10：出生温饱

 ??? ...展开"
10,4,4,6,8,12,5,1,1,乾癸卯丁巳辛亥戊子,1,"6249032353 Tue Jun 30 08:52:49 +0800 2026
好经典的案例，收藏了
【转发】菊长出国落马

乾造：癸卯 丁巳 辛亥 戊子
大运：丙辰 乙卯 甲寅 癸丑 壬子 辛亥 庚戌 己酉

反馈：命主出生家境小康，研究生及以上学历。早年做到国土菊长级别，后来因为贪乌问题离职出国，最终落马。二婚，前妻生一子，二妻生一女。1999 年父亲去世，2007 年离职出国，2018 年 11 月被捕入狱。
案例 ??? ...展开"
7,5,2,10,5,11,7,9,2,坤庚辰乙酉戊戌庚申,2,"6249032353 Fri Mar 20 07:40:16 +0800 2026
这样的格局叫“先官后食”，与“先印后财”雷同，，水木运官旺运上班求贵，，土金运食神有气胜财官，就会创业求财，，
【转发】原局喜用是什么，还有人说从了？

坤造：庚辰 乙酉 戊戌 庚申
大运：甲申 癸未 壬午 辛巳 庚辰 己卯

反馈：22年有偏财，23年下半年状态特别差，24年遭遇了职场性骚扰，25年谈恋爱了。

学八字超话星座超话看八字超话#网络案例# ???"
8,10,10,6,1,9,5,5,1,乾辛酉癸巳甲申戊辰,2,"6249032353 Sat Jul 11 01:21:29 +0800 2026
原局表达的是:土金制水木，，所以印可以被制，，己丑运，金旺，制水木，，与命局意向一致，，己丑是好运，人生有更好的发展机遇。戊子运，子水脱金之气，意味着躺平，混日子，，
【转发】乾造：辛酉 癸巳 甲申 戊辰
大运：壬辰 辛卯 庚寅 己丑 戊子 丁亥
　
每日案例756
哪步是差运？
A、己丑运
B、戊子运

星座超话看八字超话学八字超话#每日案例专栏# ???"
2,4,8,6,7,9,8,6,1,乾乙卯辛巳庚申辛巳,0,"子平研究：生死窍50例【上25例】_释缘易学_新浪博客
乾造：乙 辛 庚 辛 （身弱） 

       
 卯 巳 申 巳 

大运：戊寅 流年：戊寅 （24岁）


反馈：98年楼上坠下而亡。 

技术点窍：这个流年与大运形成岁运并临，在这里读者见识到了死亡的另一种常见类型。那怎么死的呢？笔者指出驿马为踩滑、摔交、跌绊之象，岁运双驿马冲日支申金，使命主站立不稳，我们可以读懂原来踩滑不小心坠楼了。


例十、阳历1973年5月9日辰时"
1,3,3,1,10,8,2,4,1,乾甲寅丙子癸未乙卯,0,"子平研究：生死窍50例【上25例】_释缘易学_新浪博客
乾造：甲 丙 癸 乙 （身旺） 

       
 寅 子 未 卯 

大运：甲申 流年：壬 申（18岁） 

反馈：心脏病，寅月死。 

技术点窍：此造原局的丙火为最薄弱环节，火为心脏，坐子水旺克，为心脏病的隐患。流年透出壬水冲丙，壬为丙的七杀，同性力大，且壬坐申子半合水局，水的力大，将丙火克绝至死，致使火的五行失衡，得心脏病去世。


例二十一、阳历1949年7月12日丑时"
7,5,3,11,5,7,5,7,2,坤庚辰丙戌戊午戊午,0,"子平研究：生死窍50例【上25例】_释缘易学_新浪博客
坤造：庚 丙 戊 戊 （太旺） 

     辰 戌 午 午


大运：无   流年：甲 申（4岁） 

反馈：此女04年遇害，身上有几处尖刀伤，脖子有勒痕。 

技术点窍：关键字为午。此造特点是命局带双羊刃，羊刃为刀，命局中的信息在杀年应现，带双羊刃的命造易有刀伤、车祸、官司牢狱等灾。此为太旺格局，最忌克，杀主被杀，因此遭到刀杀。

 
 例十八、阳历1981年2月21日午时"
4,8,10,2,8,6,9,5,2,坤丁未癸丑辛巳壬辰,0,"子平研究：生死窍50例【上25例】_释缘易学_新浪博客
坤造：丁 癸 辛 壬 （身弱） 

       
 未 丑 巳 辰 

大运：乙卯 流年：丁 卯（20岁） 

反馈：丁 未月喝药自杀。 

技术点窍：这个流年、流月的关键字字为丁火，旺火透出冲克日干辛金，七杀主吃毒、死亡，官杀这组十神的象是一个圆，如嘴巴、毒、圈套、癌症、口舌，为何官杀是毒，因为毒是吃自己营养的生物，有口象。



例二十三、阳历1953年9月2日寅时"
3,11,10,6,8,2,4,10,2,坤丙戌癸巳辛丑丁酉,0,"子平研究：生死窍50例【上25例】_释缘易学_新浪博客
坤造：丙 癸 辛 丁 （身旺） 

       
 戌 巳 丑 酉 

大运：戊子 流年：壬午 （56岁）


反馈：02年农历9月丙子 日命主脑出血身亡。 

技术点窍：关键字为子、壬、午、丙，流年干支组合为伤官见官，大运与流年子午冲，又官见伤官，流日丙子的干支组合又为伤官打官，子伤克丙官和午官，形成双子冲一午，一伤打两官。



例八、阳历1972年10月30日亥时"
2,6,5,1,5,11,1,3,2,坤乙巳戊子戊戌甲寅,2,"丧偶八字命例集（10例）_襄阳金笑易_新浪博客
坤造：乙巳 戊子 戊戌
甲寅

大运：辛卯流年：己卯（33岁）

反馈：老公生病。

大运：辛卯流年：壬午（36岁）

反馈：老公病故，没出现什么官司。

（金笑易注：己亥、庚寅、乙巳、丙申，这四组干支，极易损伤六亲。年柱乙巳前夫，正官坐下暗藏食伤，主老公身体不好。娶妻随娶随伤，盖因比肩伏马；嫁夫随嫁随伤，缘是官星坐伤。）




例7、阳历1954年11月15日亥时"
1,3,8,8,4,6,10,4,2,坤甲寅辛未丁巳癸卯,2,"6249032353 Tue Jun 30 15:00:40 +0800 2026
比劫合官，夫妻宫坐劫财，老公出轨

坤造：甲寅 辛未 丁巳 癸卯
大运：庚午 己巳 戊辰 丁卯 丙寅 乙丑 甲子 癸亥

每日案例746反馈

【B】命主出身小康家庭，父亲在信用社上班。职高财务专业，后来在私企做会计。一婚，夫妻感情差，丈夫是公务员。一个子女，财富小康。1999 年婚恋，2012 年婚灾，丈夫 ??? ...展开"
10,2,4,6,2,6,7,5,2,坤癸丑丁巳乙巳庚辰,2,"子平研究：生死窍50例【上25例】_释缘易学_新浪博客
坤造：癸 丁 乙 庚 （太弱） 

       
 丑 巳 巳 辰 

大运：己未 流年：甲戌 （21岁）


反馈：94年辰月被电炉电击而死。 

技术点窍：这个流年的关键字为丑未戌三刑，三刑的含义为折磨，日主的身体就像受刑一样。是病伤灾的特定信息符号，日主的身体如同受刑一般难受、受折磨，原来是被电击了。



例十一、阳历1962年5月19日寅时"
8,8,1,7,4,2,10,4,1,乾辛未甲午丁丑癸卯,2,"考磐国学 Sun Aug 02 08:42:10 +0800 2026
日坐财库、妻业双美

乾造：辛未 甲午  丁丑  癸卯

他出身普通工薪家庭，父母皆是私企工厂工人，如今已然退休安享晚年，家中还有一位兄长，原生家庭安稳平实，无大风大浪，为他的成长奠定了踏实沉稳的底色。

自求学伊始，他便勤勉自律、稳步前行，凭借不懈努力走出了一条亮眼的升学之路。

2010年， ??? ...展开"
8,12,7,1,6,2,3,3,1,乾辛亥庚子己丑丙寅,0,"子平研究：生死窍50例【上25例】_释缘易学_新浪博客
乾造：辛 庚 己 丙 （从格） 

       
 亥 子 丑 寅 

大运：戊戌 流年：庚午 （19岁）


反馈：戊戌月因抢劫杀人被枪决。 

技术点窍：此流年与大运、原局形成三合火局旺扶劫财，劫财在大运旺透因此命主会去劫别人的钱财，劫财也是一颗犯法的星，所以是因为犯法而被枪决。


例二十五、阳历1969年3月6日亥时"
9,3,2,6,4,6,9,3,1,乾壬寅乙巳丁巳壬寅,0,"子平研究：生死窍50例【上25例】_释缘易学_新浪博客
乾造：壬 乙 丁 壬 （专旺） 

       
 寅 巳 巳 寅 

大运：己酉 流年：癸 未（41岁） 

反馈：命主此年去世。 

技术点窍：这又是死亡之灾的一类型，太旺、专旺格最怕七杀克身，克则有官司、死亡等应。流年关键字癸水冲克日干丁火。可见即使七杀弱同样不为日干所喜。



例十二、阳历1996年12月1日子时"
6,10,5,5,3,5,1,7,2,坤己酉戊辰丙辰甲午,1,"妓女小姐老鸨命例集（二）_襄阳金笑易_新浪博客
坤造:己酉,戊辰,丙辰,甲午

九岁起运

此命傷官太旺，夫星入墓，夫宮自刑，幸好時柱較好，為人冰雪聰明，且有好晚年。

巳運居住在英國。庚運財破印，午午刑，曾當過風塵女子，大概是88年至90年之間。

後跟從一男子，成了他的二奶數年，於94年正式分手。（命例来源：蒋文正的新浪博客）



例４舞 女 大 班"
2,4,1,9,10,4,3,5,1,乾乙卯甲申癸卯丙辰,2,"丧偶八字命例集（10例）_襄阳金笑易_新浪博客
乾造：乙卯 甲申 癸卯
丙辰

大运：辛巳流年：乙酉（30岁）        
    
    
    
    

反馈：请看一老板05年的运气如何？此年命主妻子去世，是寅月，为癌症。

（金笑易注：辛巳运，乙酉年，会金局，妻宫卯木被冲坏，卯木为妻星的原神。）



例2、阳历1968年3月30日亥时"
5,9,2,4,6,12,2,12,2,坤戊申乙卯己亥乙亥,2,"丧偶八字命例集（10例）_襄阳金笑易_新浪博客
坤造：戊申 乙卯 己亥 乙亥

大运：壬子 流年：乙酉（37岁）

反馈：此女财旺，有1百多万，但是婚姻有大灾，在哪年发生的？何灾？请大家研讨！2005年，丈夫养车拉货，长途，两车相撞，4人当场死亡。

（金笑易注：年柱起空亡，寅卯空。月柱偏官夫星落了空亡。）



例3、阳历1967年7月18日申时"
5,9,5,7,2,12,5,3,1,乾戊申戊午乙亥戊寅,4,"亿万富翁八字命例集1_襄阳金笑易_新浪博客
乾：戊申　戊午　乙亥　戊寅

大运:己未
庚申 辛酉 壬戌 癸亥
甲子乙丑丙寅

     1 
 11   21  
31   41   51
  61   71

   1969 1979 1989
1999 2009 2019 2029
2039

（金笑易注：陈光标八字另一版本"
2,8,6,2,8,6,2,8,1,乾乙未己丑辛巳乙未,4,"亿万富翁八字命例集1_襄阳金笑易_新浪博客
乾：乙未　己丑　辛巳　乙未

大运：戊子　丁亥　丙戌　乙酉　甲申　癸未　壬午　辛巳　.　　

　　3岁　　13岁　　23岁　　33岁　 43岁　
53岁　　63岁　　

始于：1958　　1968　　1978　　1988　　1998　　2008　　2018　　　　

例17家产十多亿"
10,6,1,1,5,9,4,6,1,乾癸巳甲子戊申丁巳,4,"亿万富翁八字命例集1_襄阳金笑易_新浪博客
乾：癸巳　甲子　戊申　丁巳

大运： 癸亥 壬戌 辛酉 庚申
己未戊午丁巳丙辰

      
6   16   26
  36   46  
56   66  76

     1959
1969 1979 1989 1999 2009
2019 2029

例16亿万富翁:"
6,8,1,11,1,11,5,5,1,乾己未甲戌甲戌戊辰,4,"亿万富翁八字命例集1_襄阳金笑易_新浪博客
乾：己未　甲戌　甲戌　戊辰（原文作戊戌时，误）

甲朩日元无根,虽有一比劫助身,又与己土相合化为土,全局除甲朩外其他干支皆土,格成从财.初运癸酉,壬申,强印生身,逆其土性,家败无已.一入南方火运,助起旺财,发迹异常,家财近亿.此八字特征, 先贫后富.



例11从财格"
4,8,4,8,10,8,7,9,2,坤丁未丁未癸未庚申,2,"丧偶八字命例集（10例）_襄阳金笑易_新浪博客
坤造：丁未 丁未 癸未 庚申

大运：辛亥流年：丙戌（39岁）

反馈：看这个女命的丈夫哪年会出事，辛亥运丈夫哪年会出事？其夫丙戌年车祸死亡。能说下命理吗？实际是辛丑月车祸死亡。


（金笑易注：夫星过旺，夫星伏吟。）





例4、阳历1966年10月9日寅时"
3,5,7,1,5,9,2,4,2,坤丙辰庚子戊申乙卯,0,"子平研究：生死窍50例【上25例】_释缘易学_新浪博客
坤造：丙 庚 戊 乙 （太弱） 

     辰 子 申
卯 

大运：戊戌 流年：癸酉 （17岁）


反馈：93年死亡。 

技术点窍：流年关键字为酉，金局冲卯，用神被克绝无救，与金伤官局打官信息同步锁定。 


 例十六、阳历1959年4月9日寅时"
6,12,5,5,8,10,7,3,1,乾己亥戊辰辛酉庚寅,0,"子平研究：生死窍50例【上25例】_释缘易学_新浪博客
乾造：己 戊 辛 庚 （身旺） 

       
 亥 辰 酉 寅 

大运：癸亥 流年：壬午 （43岁） 

反馈：命主02年阳历11月份不幸铁架子砸到头部身亡。 

技术点窍：流年伤官打官凶祸。 
 

例十七、阳历2000年10月27日午时"
8,8,7,3,7,11,8,6,2,坤辛未庚寅庚戌辛巳,2,"丧偶八字命例集（10例）_襄阳金笑易_新浪博客
坤造：辛未 庚寅 庚戌
辛巳

大运：甲午流年：己酉（38岁）

反馈：看看此女何年伤夫？甲午运己酉年。

（金笑易注：此八字身弱，地支官煞多多。甲午运，寅午戌会火局，夫星过旺入暮，夫死。夫星入暮，夫先死。）




例9、阳历1954年7月3日辰时"
3,7,5,11,8,2,7,3,2,坤丙午戊戌辛丑庚寅,2,"丧偶八字命例集（10例）_襄阳金笑易_新浪博客
坤造：丙午 戊戌 辛丑
庚寅

大运：癸巳 流年：丁亥（41岁）

反馈：丈夫做工出意外被砸死，大家看命局是如何体现的？农历7月（戊申）出事。

（金笑易注：此八字身弱，寅午戌会火局，夫星过旺入暮，夫先死。）



例5、阳历1961年2月6日酉时"
8,10,8,4,5,1,5,7,1,乾辛酉辛卯戊子戊午,2,"6249032353 Thu Jul 30 16:07:18 +0800 2026
乾造：辛酉 辛卯 戊子 戊午
大运：庚寅 辛丑 庚子 丁亥
反馈：命主经常出入风月场所，PC后得了一身病，最后在丁亥运辛丑年暴毙而亡。

案例反馈信息：粉丝/学生收集整理，参考出处：出生日 ??? ...展开"
2,10,7,5,4,2,8,2,1,乾乙酉庚辰丁丑辛丑,2,"6249032353 Sun Apr 05 09:46:37 +0800 2026
乾造：乙酉 庚辰 丁丑  辛丑
大运：己卯 戊寅 丁丑 丙子 乙亥 甲戌
反馈：命主反馈很小的时候，父亲就因为犯事被抓紧去了，他自己被亲生母亲丢在了外地。自己被迫在外四处打工，但是出力多，收入很少。"
1,7,2,12,2,12,4,12,2,坤甲午乙亥乙亥丁亥,2,"丧偶八字命例集（10例）_襄阳金笑易_新浪博客
坤造：甲午 乙亥 乙亥 
丁亥

大运：庚午流年：庚辰（46岁）

反馈：此女之夫死于2000年庚辰。

（金笑易注：枭印重重，生离死别之妇。枭食并伤官，子死夫亡祸两端，克夫克子的命。）





例8、阳历1931年2月24日巳时"
1,7,7,7,7,9,7,5,2,坤甲午庚午庚申庚辰,2,"丧偶八字命例集（10例）_襄阳金笑易_新浪博客
坤造：甲午 庚午 庚申
庚辰

大运：丙寅流年：丁丑（43岁）

反馈：97年丧夫。9月9日中午12点，心脏病。

（金笑易注：此八字身弱，丙寅运，日柱逢冲夫妻宫逢冲。官杀过旺，夫死。）



例10、阳历1968年6月4日寅时"
5,9,10,12,8,4,4,10,1,乾戊申癸亥辛卯丁酉,4,"亿万富翁八字命例集1_襄阳金笑易_新浪博客
乾：戊申　癸亥　辛卯　丁酉

大运：甲子　乙丑　丙寅　丁卯　戊辰　己巳　庚午　辛未　

 　　　7        
    
    
    
    岁　 17岁　27岁　37岁　47岁　57岁　67岁　77岁　

例３马化腾"
1,5,1,11,4,10,3,7,1,乾甲辰甲戌丁酉丙午,4,"亿万富翁八字命例集1_襄阳金笑易_新浪博客
乾：甲辰　甲戌　丁酉　丙午

大运：乙亥　丙子　丁丑　戊寅　己卯　庚辰　辛巳　壬午　

始于：1972　1982　1992　2002　2012
2022　2032　2042　

（金笑易注：马云八字另一个流行版本"
8,2,7,3,7,7,2,10,2,坤辛丑庚寅庚午乙酉,2,"丧偶八字命例集（10例）_襄阳金笑易_新浪博客
坤造：辛丑 庚寅 庚午
乙酉

大运：甲午流年：丙戌（45岁）

反馈：去年丙戌年丈夫去世了。

（金笑易注：此八字身弱，甲午运，丙戌年，夫星过旺入暮，夫死。）



例6、阳历1965年12月10日寅时"
8,12,5,11,4,12,4,8,1,乾辛亥戊戌丁亥丁未,4,"亿万富翁八字命例集1_襄阳金笑易_新浪博客
乾：辛亥　戊戌　丁亥　丁未

大运：丁酉　丙申　乙未　甲午　癸巳　壬辰　辛卯　庚寅　　　　 

　　　8岁　18岁　28岁　38岁　48岁　58岁　68岁　78岁　

例４马云:1964年九月初十12时26分"
5,5,6,8,7,7,4,12,1,乾戊辰己未庚午丁亥,4,"亿万富翁八字命例集1_襄阳金笑易_新浪博客
乾造:戊辰　己未　庚午　丁亥

大运:庚申
辛酉 壬戌 癸亥 甲子 乙丑
丙子　丁卯　戊辰


     3 
  13   23 
33   43   53
  63   73  
83

例2李彦宏"
5,9,2,4,6,12,1,1,2,坤戊申乙卯己亥甲子,4,"亿万富翁八字命例集1_襄阳金笑易_新浪博客
坤：戊申　乙卯　己亥　甲子

大运: 甲寅癸丑 壬子 辛亥 庚戌 己酉 戊申
丁未

      1976
 86   96  2006
 16  26   36
  46  

（金笑易注：另一版本"
10,2,6,8,4,6,6,10,1,乾癸丑己未丁巳己酉,4,"亿万富翁八字命例集1_襄阳金笑易_新浪博客
乾：癸丑　己未　丁巳　己酉

大运： 戊午 丁巳 丙辰 乙卯 甲寅
癸丑 壬子 辛亥

始于： 1977 1987
1997 2007 2017 2027 2037
2047

例14亿万富翁:"
5,7,5,7,4,6,6,10,1,乾戊午戊午丁巳己酉,2,"6249032353 Thu Jun 18 11:51:44 +0800 2026
乾造：戊午 戊午 丁巳 己酉
大运：己未、庚申、辛酉、壬戌、癸亥、甲子。
反馈：经商开店，负债一百多万，出轨后被老婆发现离婚。

例3、"
10,4,3,5,6,12,5,5,1,乾癸卯丙辰己亥戊辰,4,"亿万富翁八字命例集1_襄阳金笑易_新浪博客
乾：癸卯　丙辰　己亥　戊辰

大运：乙卯 甲寅 癸丑 壬子 辛亥 庚戌
己酉

      8
  18   28 
38   48   58
 68

例８三个亿万富翁"
5,5,5,7,4,6,6,10,1,乾戊辰戊午丁巳己酉,2,"6249032353 Thu Jun 18 11:51:44 +0800 2026
乾造：戊辰 戊午 丁巳 己酉
大运：己未 庚申 辛酉 壬戌 癸亥 甲子
反馈：21年出轨，被发现，后离婚。

例2、"
7,5,2,10,4,10,8,2,2,坤庚辰乙酉丁酉辛丑,2,"6249032353 Sun Apr 05 09:46:37 +0800 2026
坤造：庚辰 乙酉 丁酉 辛丑
大运：甲申 癸未 壬午 辛巳 庚辰 己卯
反馈：本 ??? ...展开"
4,2,8,12,5,7,8,10,1,乾丁丑辛亥戊午辛酉,0,"6249032353 Thu Jul 30 16:07:18 +0800 2026
乾造：丁丑 辛亥 戊午 辛酉
大运：庚戌 己酉 戊申
反馈：命主在戊申运甲辰年PC致死。"
1,5,10,10,3,3,2,8,1,乾甲辰癸酉丙寅乙未,4,"亿万富翁八字命例集1_襄阳金笑易_新浪博客
乾：甲辰　癸酉　丙寅　乙未

大运：8甲戌
18乙亥 28丙子
38丁丑 48戊寅
58己卯 68庚辰

例15亿万富翁:"
6,6,7,7,3,11,1,7,1,乾己巳庚午丙戌甲午,4,"亿万富翁八字命例集1_襄阳金笑易_新浪博客
乾三：己巳　庚午　丙戌　甲午

以上三个八字,均是亿万级人物.尤以第三个又富又贵,妙在时干为偏印



例９房地产商"
3,9,8,4,7,5,9,7,1,乾丙申辛卯庚辰壬午,1,"小偷骗子的八字命例集（1）_襄阳金笑易_新浪博客
乾四：  丙申 
辛卯  庚辰  壬午 
（八岁起运：甲午 运两次坐牢，因为非法取才）"
5,7,3,5,4,10,3,7,1,乾戊午丙辰丁酉丙午,2,"6249032353 Thu Jun 18 11:51:44 +0800 2026
乾造：戊午 丙辰 丁酉 丙午
大 ??? ...展开"
3,5,10,6,2,12,5,3,1,乾丙辰癸巳乙亥戊寅,1,"小偷骗子的八字命例集（1）_襄阳金笑易_新浪博客
乾二：  丙辰 
癸巳  乙亥  戊寅  （大运：丙申
，辛巳流年，偷车而判刑）。"
1,11,3,3,6,6,5,5,1,乾甲戌丙寅己巳戊辰,1,"小偷骗子的八字命例集（1）_襄阳金笑易_新浪博客
乾三：  甲戌 
丙寅  己巳  戊辰  
(七岁起运：从5岁开始偷）"
7,9,2,10,3,9,6,2,1,乾庚申乙酉丙申己丑,4,"亿万富翁八字命例集1_襄阳金笑易_新浪博客
乾：庚申　乙酉　丙申　己丑

此八字特征, 先富后贫　　　

例12亿万富翁"
6,8,3,3,8,8,6,2,2,坤己未丙寅辛未己丑,1,"小偷骗子的八字命例集（1）_襄阳金笑易_新浪博客
坤一：己未　丙寅　辛未　己丑（“己巳”大运，网络诈骗己丑年犯事）"
1,5,1,11,4,10,5,9,1,乾甲辰甲戌丁酉戊申,4,"亿万富翁八字命例集1_襄阳金笑易_新浪博客
乾：甲辰　甲戌　丁酉　戊申。）

例５陈光标:
一九六八年六月九日寅时"
5,9,2,4,5,11,4,6,2,坤戊申乙卯戊戌丁巳,4,"亿万富翁八字命例集1_襄阳金笑易_新浪博客
坤：戊申　乙卯　戊戌　丁巳。）

例７李连杰 1963年4月26日辰时"
9,3,10,2,8,8,7,3,1,乾壬寅癸丑辛未庚寅,1,"小偷骗子的八字命例集（1）_襄阳金笑易_新浪博客
乾一：  壬寅 
癸丑 辛未  庚寅
（癸酉年断：此为大偷）"
10,12,10,12,8,12,7,3,1,乾癸亥癸亥辛亥庚寅,1,"小偷骗子的八字命例集（1）_襄阳金笑易_新浪博客
乾六： 癸亥  癸亥
 辛亥   庚寅   
(网络诈骗）"
7,11,6,4,1,5,1,11,1,乾庚戌己卯甲辰甲戌,1,"小偷骗子的八字命例集（1）_襄阳金笑易_新浪博客
乾七：
庚戌　己卯  甲辰 
甲戌  （行骗为生）"
9,1,6,10,3,5,1,7,1,乾壬子己酉丙辰甲午,1,"小偷骗子的八字命例集（1）_襄阳金笑易_新浪博客
乾五： 壬子  己酉
  丙辰  甲午
（小偷）"
5,9,6,8,7,3,6,4,1,乾戊申己未庚寅己卯,4,"亿万富翁八字命例集1_襄阳金笑易_新浪博客
乾：戊申　己未　庚寅　己卯。）



例６杨澜:"
3,9,8,2,8,6,5,1,1,乾丙申辛丑辛巳戊子,4,"亿万富翁八字命例集1_襄阳金笑易_新浪博客
乾：丙申　辛丑　辛巳　戊子

例13亿万富翁"
6,2,7,7,3,1,6,2,1,乾己丑庚午丙子己丑,4,"亿万富翁八字命例集1_襄阳金笑易_新浪博客
乾一：己丑　庚午　丙子　己丑"
6,8,7,7,3,7,6,2,1,乾己未庚午丙午己丑,4,"亿万富翁八字命例集1_襄阳金笑易_新浪博客
乾二：己未　庚午　丙午　己丑"
